11/07/2018 15:00:00;0.0;0.0;0.0;0.0;0.0;0.0;0.0;0.0;0.0;0.0;0.0;0.0;0.0;0.0;0.0;0.0;0.0;0.0;0.0;0.0;0.0;0.0;0.0;0.0;0.0;0.0;0.0;0.0;0.0;0.0;0.0;0.0;0.0;0.0;0.0;0.0;0.0;0.0;0.0;0.0;0.0;0.0;0.0;0.0;0.0;0.0;0.0;0.0
11/07/2018 15:05:00;0.0;0.0;0.0;0.0;0.0;0.0;0.0;0.0;0.0;0.0;0.0;0.0;0.0;0.0;0.0;0.0;0.0;0.0;0.0;0.0;0.0;0.0;0.0;0.0;0.0;0.0;0.0;0.0;0.0;0.0;0.0;0.0;0.0;0.0;0.0;0.0;0.0;0.0;0.0;0.0;0.0;0.0;0.0;0.0;0.0;0.0;0.0;0.0
11/07/2018 15:10:00;0.0;0.0;0.0;0.0;0.0;0.0;0.0;0.0;0.0;0.0;0.0;0.0;0.0;0.0;0.0;0.0;0.0;0.0;0.0;0.0;0.0;0.0;0.0;0.0;0.0;0.0;0.0;0.0;0.0;0.0;0.0;0.0;0.0;0.0;0.0;0.0;0.0;0.0;0.0;0.0;0.0;0.0;0.0;0.0;0.0;0.0;0.0;0.0
11/07/2018 15:15:00;0.0;0.0;0.0;0.0;0.0;0.0;0.0;0.0;0.0;0.0;0.0;0.0;0.0;0.0;0.0;0.0;0.0;0.0;0.0;0.0;0.0;0.0;0.0;0.0;0.0;0.0;0.0;0.0;0.1;0.0;0.0;0.0;0.0;0.0;0.0;0.0;0.0;0.0;0.0;0.0;0.0;0.0;0.0;0.0;0.0;0.0;0.0;0.0
11/07/2018 15:20:00;0.0;0.0;0.0;0.0;0.0;0.0;0.0;0.0;0.0;0.0;0.0;0.0;0.0;0.0;0.0;0.0;0.0;0.0;0.0;0.0;0.0;0.0;0.0;0.0;0.0;0.0;0.0;0.0;0.1;0.0;0.0;0.0;0.0;0.0;0.0;0.0;0.0;0.0;0.0;0.0;0.0;0.0;0.0;0.0;0.0;0.0;0.0;0.0
11/07/2018 15:25:00;0.0;0.0;0.0;0.0;0.0;0.0;0.0;0.0;0.0;0.0;0.0;0.0;0.0;0.0;0.0;0.0;0.0;0.0;0.0;0.0;0.0;0.0;0.0;0.0;0.0;0.0;0.0;0.0;0.1;0.0;0.0;0.0;0.0;0.0;0.0;0.0;0.0;0.0;0.0;0.0;0.0;0.0;0.0;0.0;0.0;0.0;0.0;0.0
11/07/2018 15:30:00;0.0;0.0;0.0;0.0;0.0;0.0;0.0;0.0;0.0;0.0;0.0;0.0;0.0;0.0;0.0;0.0;0.0;0.0;0.0;0.0;0.0;0.0;0.0;0.0;0.0;0.0;0.0;0.0;0.1;0.0;0.0;0.0;0.0;0.0;0.0;0.0;0.0;0.0;0.0;0.0;0.0;0.0;0.0;0.0;0.0;0.0;0.0;0.0
11/07/2018 15:35:00;0.0;0.0;0.0;0.0;0.0;0.0;0.0;0.0;0.0;0.0;0.0;0.0;0.0;0.0;0.0;0.0;0.0;0.0;0.0;0.0;0.0;0.0;0.0;0.0;0.0;0.0;0.0;0.0;0.1;0.0;0.0;0.0;0.0;0.0;0.0;0.0;0.0;0.0;0.0;0.0;0.0;0.0;0.0;0.0;0.0;0.0;0.0;0.0
11/07/2018 15:40:00;0.0;0.0;0.0;0.0;0.0;0.0;0.0;0.0;0.0;0.0;0.0;0.0;0.0;0.0;0.0;0.0;0.0;0.0;0.0;0.0;0.0;0.0;0.0;0.0;0.0;0.0;0.0;0.0;0.1;0.0;0.0;0.0;0.0;0.0;0.0;0.0;0.0;0.0;0.0;0.0;0.0;0.0;0.0;0.0;0.0;0.0;0.0;0.0
11/07/2018 15:45:00;0.0;0.0;0.0;0.0;0.0;0.0;0.0;0.0;0.0;0.0;0.0;0.0;0.0;0.0;0.0;0.0;0.0;0.0;0.0;0.0;0.0;0.0;0.0;0.0;0.0;0.0;0.0;0.0;0.1;0.0;0.0;0.0;0.0;0.0;0.0;0.0;0.0;0.0;0.0;0.0;0.0;0.0;0.0;0.0;0.0;0.0;0.0;0.0
11/07/2018 15:50:00;0.0;0.0;0.0;0.0;0.0;0.0;0.0;0.0;0.0;0.0;0.0;0.0;0.0;0.0;0.0;0.0;0.0;0.0;0.0;0.0;0.0;0.0;0.0;0.0;0.0;0.0;0.0;0.0;0.1;0.0;0.0;0.0;0.0;0.0;0.0;0.0;0.0;0.0;0.0;0.0;0.0;0.0;0.0;0.0;0.0;0.0;0.0;0.0
11/07/2018 15:55:00;0.2;0.0;0.0;0.0;0.0;0.0;0.0;0.0;0.0;0.0;0.0;0.0;0.0;0.0;0.0;0.0;0.0;0.0;0.0;0.0;0.0;0.0;0.0;0.0;0.0;0.0;0.0;0.0;0.1;0.2;0.0;0.0;0.0;0.0;0.0;0.0;0.0;0.0;0.0;0.0;0.0;0.0;0.0;0.0;0.0;0.0;0.0;0.0
11/07/2018 16:00:00;0.5;0.0;0.0;0.0;0.0;0.0;0.0;0.0;0.0;0.0;0.0;0.0;0.0;0.0;0.0;0.0;0.0;0.0;0.0;0.0;0.0;0.0;0.0;0.0;0.0;0.0;0.0;0.0;0.2;0.5;0.0;0.1;0.0;0.0;0.0;0.0;0.0;0.0;0.0;0.0;0.0;0.0;0.0;0.0;0.0;0.0;0.0;0.0
11/07/2018 16:05:00;1.4;0.0;0.0;0.0;0.0;0.0;0.0;0.0;0.0;0.0;0.0;0.0;0.0;0.0;0.0;0.0;0.0;0.0;0.0;0.0;0.0;0.0;0.0;0.0;0.0;0.0;0.0;0.0;0.2;0.8;0.0;0.1;0.0;0.0;0.0;0.0;0.0;0.0;0.0;0.0;0.0;0.0;0.0;0.0;0.0;0.0;0.0;0.0
11/07/2018 16:10:00;2.3;0.0;0.0;0.0;0.0;0.0;0.0;0.0;0.0;0.0;0.0;0.0;0.0;0.0;0.0;0.0;0.0;0.0;0.0;0.0;0.0;0.0;0.0;0.0;0.0;0.0;0.0;0.0;0.2;1.0;0.0;0.1;0.0;0.0;0.0;0.0;0.0;0.0;0.0;0.0;0.0;0.0;0.0;0.0;0.0;0.1;0.0;0.0
11/07/2018 16:15:00;2.8;0.0;0.0;0.0;0.0;0.0;0.0;0.0;0.0;0.0;0.0;0.0;0.0;0.0;0.0;0.0;0.0;0.0;0.0;0.0;0.0;0.0;0.0;0.0;0.0;0.0;0.0;0.0;0.2;1.0;0.0;0.1;0.0;0.0;0.0;0.1;0.0;0.0;0.0;0.0;0.0;0.0;0.0;0.0;0.0;0.1;0.0;0.0
11/07/2018 16:20:00;2.9;0.0;0.0;0.0;0.0;0.0;0.0;0.0;0.0;0.0;0.0;0.0;0.0;0.0;0.0;0.0;0.0;0.0;0.0;0.0;0.0;0.0;0.0;0.0;0.0;0.0;0.0;0.0;0.2;1.0;0.0;0.1;0.0;0.0;0.0;0.1;0.0;0.0;0.0;0.0;0.0;0.0;0.0;0.0;0.0;0.1;0.0;0.0
11/07/2018 16:25:00;2.9;0.0;0.0;0.0;0.0;0.0;0.0;0.0;0.0;0.6;0.0;0.0;0.0;0.0;0.0;0.0;0.0;0.0;0.0;0.0;0.0;0.0;0.0;0.0;0.0;0.0;0.0;0.0;0.2;1.0;0.0;0.1;0.0;0.0;0.0;0.1;0.0;0.0;0.0;0.0;0.0;0.0;0.0;0.0;0.0;0.1;0.0;0.0
11/07/2018 16:30:00;2.9;0.0;0.0;0.0;0.0;0.0;0.0;0.0;0.0;1.4;0.0;0.0;0.1;0.0;0.0;0.0;0.0;0.0;0.0;0.0;0.0;0.0;0.0;0.0;0.0;0.0;0.0;0.0;0.2;1.0;0.0;0.1;0.0;0.0;0.0;0.1;0.0;0.0;0.0;0.1;0.0;0.0;0.0;0.0;0.0;0.1;0.0;0.0
11/07/2018 16:35:00;3.0;0.0;0.0;0.0;0.0;0.0;0.0;0.1;1.0;3.9;0.0;0.0;0.6;0.0;0.0;0.0;0.0;0.0;0.0;0.0;0.0;0.0;0.0;0.0;0.0;0.0;0.0;0.0;0.2;1.0;0.0;0.1;0.0;0.0;0.0;0.1;0.0;0.1;0.0;0.1;0.0;0.0;0.1;0.0;0.0;0.1;0.0;0.0
11/07/2018 16:40:00;3.0;0.0;0.0;0.1;0.0;0.0;0.0;0.1;1.8;8.7;0.0;0.3;1.2;0.0;0.0;0.0;0.0;0.0;0.0;0.0;0.0;0.1;0.0;0.0;0.0;0.0;0.0;0.0;0.2;1.0;0.0;0.1;0.0;0.0;0.0;0.1;0.0;0.1;0.1;0.1;0.0;0.0;0.4;0.0;0.0;0.1;0.0;0.0
11/07/2018 16:45:00;3.0;0.0;0.0;0.3;0.0;0.0;0.0;0.1;3.6;10.4;0.0;0.4;2.2;0.0;0.0;0.0;0.2;0.0;0.0;0.0;0.0;0.1;0.0;0.0;0.0;0.0;0.0;0.0;0.2;1.0;0.0;0.1;0.0;0.0;0.0;0.1;0.0;0.1;0.4;0.1;0.0;0.0;0.5;0.0;0.0;0.1;0.0;0.0
11/07/2018 16:50:00;3.0;0.0;0.0;0.3;0.0;0.0;0.0;0.1;4.1;10.5;0.1;0.6;4.5;0.2;0.0;0.0;0.3;0.0;0.0;0.0;0.0;0.1;0.0;0.0;0.0;0.0;0.0;0.0;0.2;1.0;0.0;0.1;0.0;0.0;0.0;0.1;0.0;0.1;0.4;0.1;0.0;0.0;0.9;0.0;0.0;0.1;0.0;0.0
11/07/2018 16:55:00;3.0;0.0;0.0;0.4;0.0;0.0;0.0;0.3;4.2;10.6;0.2;0.6;6.2;4.0;1.1;0.1;0.5;0.0;0.0;0.0;0.0;0.1;0.0;0.0;0.0;0.0;0.0;0.0;0.2;1.0;0.0;0.1;0.0;0.0;0.0;0.1;0.0;0.1;0.4;0.1;0.0;0.0;1.6;0.0;0.0;0.1;0.0;0.0
11/07/2018 17:00:00;3.0;0.0;0.0;0.4;0.0;0.0;0.0;0.3;4.2;10.7;0.7;0.7;6.8;13.0;3.3;0.2;0.6;0.0;0.0;0.0;0.0;0.1;0.0;0.0;0.0;0.0;0.0;0.0;0.2;1.0;0.0;0.1;0.0;0.0;0.0;0.1;0.0;0.1;0.4;0.1;0.0;0.0;2.0;0.0;0.0;0.1;0.0;0.0
11/07/2018 17:05:00;3.0;0.0;0.0;0.4;0.0;0.0;0.0;0.4;4.2;10.7;2.2;0.7;7.2;21.8;7.3;0.2;0.7;0.0;0.0;0.0;0.0;0.1;0.0;0.0;0.0;0.0;0.0;0.0;0.3;1.0;0.0;0.1;0.0;0.0;0.0;0.1;0.0;0.1;0.4;0.1;0.0;0.0;2.1;0.0;0.0;0.1;0.0;0.0
11/07/2018 17:10:00;3.0;0.0;0.0;0.4;0.0;0.0;0.0;0.4;4.2;10.7;2.8;0.7;7.4;28.4;9.9;0.3;0.8;0.0;0.0;0.0;0.0;0.1;0.0;0.0;0.0;0.0;0.0;0.0;0.3;1.0;0.0;0.1;0.0;0.0;0.0;0.1;0.0;0.1;0.4;0.1;0.0;0.0;2.1;0.1;0.0;0.1;0.0;0.0
11/07/2018 17:15:00;3.0;0.0;0.0;0.4;0.0;0.0;0.0;0.4;4.2;10.8;2.9;0.7;7.4;29.3;11.9;0.3;0.9;0.0;0.0;0.0;0.0;0.1;0.0;0.0;0.0;0.0;0.0;0.0;0.3;1.0;0.0;0.1;0.0;0.0;0.0;0.1;0.0;0.1;0.4;0.1;0.0;0.0;2.1;0.1;0.0;0.1;0.0;0.0
11/07/2018 17:20:00;3.0;0.0;0.0;0.4;0.0;0.0;0.5;0.4;4.2;10.8;2.9;0.7;7.4;29.5;12.3;0.3;0.9;0.0;0.0;0.0;0.1;0.1;0.0;0.0;0.0;0.0;0.0;0.0;0.3;1.0;0.0;0.1;0.0;0.0;0.0;0.1;0.0;0.1;0.4;0.1;0.0;0.0;2.1;0.1;0.0;0.1;0.0;0.0
11/07/2018 17:25:00;3.0;0.0;0.0;0.4;0.0;0.0;0.8;0.4;4.2;10.8;2.9;0.7;7.4;29.6;12.4;0.3;0.9;0.0;0.0;0.0;0.1;0.1;0.0;0.0;0.0;0.0;0.0;0.0;0.3;1.0;0.0;0.1;0.0;0.0;0.0;0.1;0.0;0.1;0.4;0.1;0.0;0.0;2.1;0.1;0.0;0.1;0.0;0.0
11/07/2018 17:30:00;3.0;0.0;0.0;0.4;0.0;0.0;1.2;0.4;4.2;10.8;2.9;0.7;7.4;29.6;12.9;0.3;0.9;0.0;0.0;0.0;0.1;0.1;0.0;0.0;0.0;0.0;0.0;0.0;0.3;1.0;0.0;0.1;0.0;0.0;0.0;0.1;0.0;0.1;0.4;0.1;0.0;0.0;2.1;0.1;0.0;0.1;0.0;0.0
11/07/2018 17:35:00;3.0;0.0;0.0;0.4;0.0;0.0;1.2;0.4;4.2;10.8;2.9;0.7;7.5;29.7;13.0;0.3;0.9;0.0;0.0;0.0;0.2;0.1;0.0;0.0;0.0;0.0;0.0;0.0;0.3;1.0;0.0;0.1;0.0;0.0;0.0;0.1;0.0;0.1;0.4;0.1;0.0;0.0;2.1;0.1;0.0;0.1;0.1;0.1
11/07/2018 17:40:00;3.0;0.0;0.0;0.4;0.0;0.0;1.2;0.4;4.2;10.8;2.9;0.7;7.5;29.7;13.0;0.3;0.9;0.0;0.0;0.0;0.2;0.1;0.0;0.0;0.0;0.0;0.0;0.0;0.3;1.0;0.0;0.1;0.0;0.0;0.0;0.1;0.0;0.1;0.4;0.1;0.0;0.0;2.1;0.1;0.0;0.1;0.4;0.1
11/07/2018 17:45:00;3.0;0.0;0.0;0.4;0.0;0.0;1.2;0.4;4.2;10.8;2.9;0.7;7.5;29.8;13.0;0.3;0.9;0.0;0.0;0.0;0.2;0.1;0.0;0.0;0.0;0.0;0.0;0.0;0.3;1.0;0.0;0.1;0.0;0.0;0.0;0.1;0.0;0.1;0.4;0.1;0.0;0.0;2.1;0.1;0.0;0.1;0.5;0.1
11/07/2018 17:50:00;3.0;0.0;0.0;0.4;0.0;0.0;1.2;0.4;4.2;10.8;2.9;0.7;7.5;29.8;13.0;0.3;0.9;0.0;0.0;0.0;0.2;0.1;0.0;0.0;0.0;0.0;0.0;0.0;0.3;1.0;0.0;0.1;0.0;0.0;0.0;0.1;0.0;0.1;0.4;0.1;0.0;0.0;2.1;0.1;0.0;0.1;0.5;0.2
11/07/2018 17:55:00;3.0;0.0;0.0;0.4;0.0;0.0;1.2;0.4;4.2;10.8;2.9;0.7;7.5;29.8;13.0;0.3;0.9;0.0;0.0;0.0;0.2;0.1;0.0;0.0;0.0;0.0;0.0;0.0;0.3;1.0;0.0;0.1;0.0;0.0;0.0;0.1;0.0;0.1;0.4;0.1;0.0;0.0;2.1;0.1;0.0;0.1;0.5;0.2
11/07/2018 18:00:00;3.0;0.0;0.0;0.4;0.0;0.0;1.3;0.4;4.2;10.8;2.9;0.7;7.5;29.8;13.0;0.3;0.9;0.0;0.0;0.6;0.2;0.2;0.0;0.0;0.0;0.0;0.0;0.0;0.3;1.0;0.0;0.1;0.0;0.0;0.0;0.1;0.0;0.1;0.4;0.1;0.0;0.0;2.1;0.1;0.0;0.1;0.5;0.2
11/07/2018 18:05:00;3.0;0.0;0.0;0.4;0.0;0.0;1.3;0.4;4.2;10.8;2.9;0.7;7.5;29.8;13.0;0.3;0.9;0.0;0.0;3.9;0.2;0.2;0.0;0.0;0.0;0.0;0.0;0.0;0.3;1.0;0.0;0.1;0.0;0.0;0.0;0.1;0.0;0.1;0.4;0.1;0.0;0.0;2.1;0.1;0.0;0.1;0.5;0.2
11/07/2018 18:10:00;3.0;0.0;0.0;0.4;0.0;0.0;1.3;0.4;4.2;10.8;2.9;0.7;7.5;29.8;13.0;0.3;0.9;0.0;0.0;7.4;0.2;0.2;0.0;0.0;0.0;0.0;0.0;0.0;0.3;1.0;0.0;0.1;0.0;0.0;0.0;0.1;0.0;0.1;0.4;0.1;0.0;0.0;2.1;0.1;0.0;0.1;0.5;0.2
11/07/2018 18:15:00;3.0;0.0;0.0;0.4;0.0;0.0;1.3;0.4;4.2;10.8;2.9;0.7;7.5;29.8;13.0;0.3;0.9;0.0;0.0;9.3;0.2;0.2;0.0;0.0;0.0;0.0;0.0;0.0;0.3;1.0;0.0;0.1;0.0;0.0;0.0;0.1;0.0;0.1;0.4;0.1;0.0;0.0;2.1;0.1;0.0;0.1;0.5;0.2
11/07/2018 18:20:00;3.0;0.0;0.0;0.4;0.0;0.0;1.3;0.4;4.2;10.8;2.9;0.7;7.5;29.8;13.0;0.3;0.9;0.0;0.0;9.8;0.2;0.2;0.0;0.0;0.0;0.0;0.0;0.0;0.3;1.0;0.0;0.1;0.0;0.0;0.0;0.1;0.0;0.1;0.4;0.1;0.0;0.0;2.1;0.1;0.0;0.1;0.5;0.2
11/07/2018 18:25:00;3.0;0.0;0.0;0.4;0.0;0.0;1.3;0.4;4.2;10.8;2.9;0.7;7.5;29.8;13.0;0.3;0.9;0.0;0.0;9.9;0.2;0.2;0.0;0.0;0.0;0.0;0.0;0.0;0.3;1.0;0.0;0.1;0.0;0.0;0.0;0.1;0.0;0.1;0.4;0.1;0.0;0.0;2.1;0.1;0.0;0.1;0.5;0.3
11/07/2018 18:30:00;3.0;0.0;0.0;0.4;0.0;0.0;1.3;0.4;4.2;10.8;2.9;0.7;7.5;29.8;13.0;0.3;0.9;0.0;0.0;9.9;0.2;0.2;0.0;0.0;0.0;0.0;0.0;0.0;0.3;1.0;0.0;0.1;0.0;0.0;0.0;0.1;0.0;0.1;0.4;0.1;0.0;0.0;2.1;0.1;0.0;0.1;0.5;0.3
11/07/2018 18:35:00;3.0;0.0;0.0;0.4;0.0;0.0;1.3;0.4;4.2;10.8;2.9;0.7;7.5;29.8;13.0;0.3;0.9;0.0;0.0;9.9;0.2;0.2;0.0;0.0;0.0;0.0;0.0;0.0;0.3;1.0;0.0;0.1;0.0;0.0;0.0;0.1;0.0;0.1;0.4;0.1;0.0;0.0;2.1;0.1;0.0;0.1;0.5;0.3
11/07/2018 18:40:00;3.0;0.0;0.0;0.4;0.0;0.0;1.3;0.4;4.2;10.8;2.9;0.7;7.5;29.8;13.0;0.3;0.9;0.0;0.0;9.9;0.2;0.2;0.0;0.0;0.0;0.0;0.0;0.0;0.3;1.0;0.0;0.1;0.0;0.0;0.0;0.1;0.0;0.1;0.4;0.1;0.0;0.0;2.1;0.1;0.0;0.1;0.5;0.3
11/07/2018 18:45:00;3.0;0.0;0.0;0.4;0.0;0.0;1.3;0.4;4.2;10.8;2.9;0.7;7.5;29.8;13.0;0.3;0.9;0.0;0.0;9.9;0.2;0.2;0.0;0.0;0.0;0.0;0.0;0.0;0.3;1.0;0.0;0.1;0.0;0.0;0.0;0.1;0.0;0.1;0.4;0.1;0.0;0.0;2.1;0.1;0.0;0.1;0.5;0.3
11/07/2018 18:50:00;3.0;0.0;0.0;0.4;0.0;0.0;1.3;0.4;4.2;10.8;2.9;0.7;7.5;29.8;13.0;0.3;0.9;0.0;0.0;9.9;0.2;0.2;0.0;0.0;0.0;0.0;0.0;0.0;0.3;1.0;0.0;0.1;0.0;0.0;0.0;0.1;0.0;0.1;0.4;0.1;0.0;0.0;2.1;0.1;0.0;0.1;0.5;0.3
11/07/2018 18:55:00;3.0;0.0;0.0;0.4;0.0;0.0;1.3;0.4;4.2;10.8;2.9;0.7;7.5;29.8;13.0;0.3;0.9;0.0;0.0;9.9;0.2;0.2;0.0;0.0;0.0;0.0;0.0;0.0;0.3;1.0;0.0;0.1;0.0;0.0;0.0;0.1;0.0;0.1;0.4;0.1;0.0;0.0;2.1;0.1;0.0;0.1;0.5;0.3
11/07/2018 19:00:00;3.0;0.0;0.0;0.4;0.0;0.0;1.3;0.4;4.2;10.8;2.9;0.7;7.5;29.8;13.0;0.3;0.9;0.0;0.0;9.9;0.2;0.2;0.0;0.0;0.0;0.0;0.0;0.0;0.3;1.0;0.0;0.1;0.1;0.0;0.0;0.1;0.0;0.1;0.4;0.1;0.0;0.0;2.1;0.1;0.0;0.1;0.5;0.3
11/07/2018 19:05:00;3.0;0.0;0.0;0.4;0.0;0.0;1.3;0.4;4.2;10.8;2.9;0.7;7.5;29.8;13.0;0.3;0.9;0.0;0.0;9.9;0.2;0.2;0.0;0.0;0.0;0.0;0.0;0.0;0.3;1.0;0.0;0.1;0.2;0.0;0.0;0.1;0.0;0.1;0.4;0.1;0.0;0.0;2.1;0.1;0.0;0.1;0.5;0.3
11/07/2018 19:10:00;3.0;0.0;0.0;0.4;0.0;0.0;1.3;0.4;4.2;10.8;2.9;0.7;7.5;29.8;13.0;0.3;0.9;0.0;0.0;9.9;0.2;0.2;0.0;0.0;0.0;0.0;0.0;0.0;0.3;1.0;0.0;0.1;0.3;0.0;0.0;0.1;0.0;0.1;0.4;0.1;0.0;0.0;2.1;0.1;0.0;0.1;0.5;0.3
11/07/2018 19:15:00;3.0;0.0;0.0;0.4;0.0;0.0;1.3;0.4;4.2;10.8;2.9;0.7;7.5;29.8;13.0;0.3;0.9;0.0;0.0;9.9;0.2;0.2;0.0;0.0;0.0;0.0;0.0;0.0;0.3;1.0;0.0;0.1;0.5;0.0;0.0;0.1;0.0;0.1;0.4;0.1;0.0;0.0;2.1;0.1;0.0;0.1;0.5;0.3
11/07/2018 19:20:00;3.0;0.0;0.0;0.4;0.0;0.0;1.3;0.4;4.2;10.8;2.9;0.7;7.5;29.8;13.0;0.3;0.9;0.0;0.0;9.9;0.2;0.2;0.0;0.0;0.0;0.0;0.0;0.0;0.3;1.0;0.0;0.1;0.6;0.0;0.0;0.1;0.0;0.1;0.4;0.1;0.0;0.0;2.1;0.1;0.0;0.1;0.5;0.3
11/07/2018 19:25:00;3.0;0.0;0.0;0.4;0.0;0.0;1.3;0.4;4.2;10.8;2.9;0.7;7.5;29.8;13.0;0.3;0.9;0.0;0.0;9.9;0.2;0.2;0.0;0.0;0.0;0.0;0.0;0.0;0.3;1.0;0.0;0.1;0.7;0.0;0.0;0.1;0.0;0.1;0.4;0.1;0.0;0.0;2.1;0.1;0.0;0.1;0.5;0.3
11/07/2018 19:30:00;3.0;0.0;0.0;0.4;0.0;0.0;1.3;0.4;4.2;10.8;2.9;0.7;7.5;29.8;13.0;0.3;0.9;0.0;0.0;9.9;0.2;0.2;0.0;0.0;0.0;0.0;0.0;0.0;0.3;1.0;0.0;0.1;0.8;0.0;0.0;0.1;0.0;0.1;0.4;0.1;0.0;0.0;2.1;0.1;0.0;0.1;0.5;0.3
11/07/2018 19:35:00;3.0;0.0;0.0;0.4;0.0;0.0;1.3;0.4;4.2;10.8;2.9;0.7;7.5;29.8;13.0;0.3;0.9;0.0;0.0;9.9;0.2;0.2;0.0;0.0;0.0;0.0;0.1;0.0;0.3;1.0;0.0;0.1;0.8;0.0;0.0;0.1;0.0;0.1;0.4;0.1;0.0;0.0;2.1;0.1;0.0;0.1;0.5;0.3
11/07/2018 19:40:00;3.0;0.0;0.0;0.4;0.0;0.0;1.3;0.4;4.2;10.8;2.9;0.7;7.5;29.8;13.0;0.3;0.9;0.0;0.0;9.9;0.2;0.2;0.0;0.0;0.0;0.0;0.1;0.0;0.3;1.0;0.0;0.1;0.8;0.0;0.0;0.1;0.0;0.1;0.4;0.1;0.0;0.0;2.1;0.1;0.0;0.1;0.5;0.3
11/07/2018 19:45:00;3.0;0.0;0.0;0.4;0.0;0.0;1.3;0.4;4.2;10.8;2.9;0.7;7.5;29.8;13.0;0.3;0.9;0.0;0.0;9.9;0.2;0.2;0.0;0.0;0.0;0.0;0.1;0.0;0.3;1.0;0.0;0.1;0.8;0.0;0.0;0.1;0.0;0.1;0.4;0.1;0.0;0.0;2.1;0.1;0.0;0.1;0.5;0.3
11/07/2018 19:50:00;3.0;0.0;0.0;0.4;0.0;0.0;1.3;0.4;4.2;10.8;2.9;0.7;7.5;29.8;13.0;0.3;0.9;0.0;0.0;9.9;0.2;0.2;0.0;0.0;0.0;0.1;0.1;0.0;0.3;1.0;0.0;0.1;0.8;0.0;0.0;0.1;0.0;0.1;0.4;0.1;0.0;0.0;2.1;0.1;0.0;0.1;0.5;0.3
11/07/2018 19:55:00;3.0;0.0;0.0;0.4;0.0;0.0;1.3;0.4;4.2;10.8;2.9;0.7;7.5;29.8;13.0;0.3;0.9;0.0;0.0;9.9;0.2;0.2;0.0;0.0;0.0;0.1;0.1;0.0;0.3;1.0;0.0;0.1;0.8;0.0;0.0;0.1;0.0;0.1;0.4;0.1;0.0;0.0;2.1;0.1;0.0;0.1;0.5;0.3
11/07/2018 20:00:00;3.0;0.0;0.0;0.4;0.0;0.0;1.3;0.4;4.2;10.8;2.9;0.7;7.5;29.8;13.0;0.3;0.9;0.0;0.0;9.9;0.2;0.2;0.0;0.0;0.0;0.1;0.1;0.0;0.3;1.0;0.0;0.1;0.8;0.0;0.0;0.1;0.0;0.1;0.4;0.1;0.0;0.0;2.1;0.1;0.0;0.1;0.5;0.3
11/07/2018 20:05:00;3.0;0.0;0.0;0.4;0.0;0.0;1.3;0.4;4.2;10.8;2.9;0.7;7.5;29.8;13.0;0.3;0.9;0.0;0.0;9.9;0.2;0.2;0.0;0.0;0.0;0.1;0.1;0.0;0.3;1.0;0.0;0.1;0.8;0.0;0.0;0.1;0.0;0.1;0.4;0.1;0.0;0.0;2.1;0.1;0.0;0.1;0.5;0.3
11/07/2018 20:10:00;3.0;0.0;0.0;0.4;0.0;0.0;1.3;0.4;4.2;10.8;2.9;0.7;7.5;29.8;13.0;0.3;0.9;0.0;0.0;9.9;0.2;0.2;0.0;0.0;0.0;0.1;0.1;0.0;0.3;1.0;0.0;0.1;0.8;0.0;0.0;0.1;0.0;0.1;0.4;0.1;0.0;0.0;2.1;0.1;0.0;0.1;0.5;0.3
11/07/2018 20:15:00;3.0;0.0;0.0;0.4;0.0;0.0;1.3;0.4;4.2;10.8;2.9;0.7;7.5;29.8;13.0;0.3;0.9;0.0;0.0;9.9;0.2;0.2;0.0;0.0;0.0;0.1;0.1;0.0;0.3;1.0;0.0;0.1;0.8;0.0;0.0;0.1;0.0;0.1;0.4;0.1;0.0;0.0;2.1;0.1;0.0;0.1;0.5;0.3
11/07/2018 20:20:00;3.0;0.0;0.0;0.4;0.0;0.0;1.3;0.4;4.2;10.8;2.9;0.7;7.5;29.8;13.0;0.3;0.9;0.0;0.0;9.9;0.2;0.2;0.0;0.0;0.0;0.1;0.1;0.0;0.3;1.0;0.0;0.1;0.8;0.0;0.0;0.1;0.0;0.1;0.4;0.1;0.0;0.0;2.1;0.1;0.0;0.1;0.5;0.3
11/07/2018 20:25:00;3.0;0.0;0.0;0.4;0.0;0.0;1.3;0.4;4.2;10.8;2.9;0.7;7.5;29.8;13.0;0.3;0.9;0.0;0.0;9.9;0.2;0.2;0.0;0.0;0.0;0.1;0.1;0.0;0.3;1.0;0.0;0.1;0.8;0.0;0.0;0.1;0.0;0.1;0.4;0.1;0.0;0.0;2.1;0.1;0.0;0.1;0.5;0.3
11/07/2018 20:30:00;3.0;0.0;0.0;0.4;0.0;0.0;1.3;0.4;4.2;10.8;2.9;0.7;7.5;29.8;13.0;0.3;0.9;0.0;0.0;9.9;0.2;0.2;0.0;0.0;0.0;0.1;0.1;0.0;0.3;1.0;0.0;0.1;0.8;0.0;0.1;0.1;0.0;0.1;0.4;0.1;0.0;0.0;2.1;0.1;0.0;0.1;0.5;0.3
11/07/2018 20:35:00;3.0;0.0;0.0;0.4;0.0;0.0;1.3;0.4;4.2;10.8;2.9;0.7;7.5;29.8;13.0;0.3;0.9;0.0;0.0;9.9;0.2;0.2;0.0;0.0;0.0;0.1;0.1;0.0;0.3;1.0;0.0;0.1;0.8;0.0;0.1;0.1;0.0;0.1;0.4;0.1;0.0;0.0;2.1;0.1;0.0;0.1;0.5;0.3
11/07/2018 20:40:00;3.0;0.0;0.0;0.4;0.0;0.0;1.3;0.4;4.2;10.8;2.9;0.7;7.5;29.8;13.0;0.3;0.9;0.0;0.0;9.9;0.2;0.2;0.0;0.0;0.0;0.1;0.1;0.0;0.3;1.0;0.0;0.1;0.8;0.0;0.1;0.1;0.0;0.1;0.4;0.1;0.0;0.0;2.1;0.1;0.0;0.1;0.5;0.3
11/07/2018 20:45:00;3.0;0.0;0.0;0.4;0.0;0.0;1.3;0.4;4.2;10.8;2.9;0.7;7.5;29.8;13.0;0.3;0.9;0.0;0.0;9.9;0.2;0.2;0.0;0.0;0.0;0.1;0.1;0.0;0.3;1.0;0.0;0.1;0.8;0.0;0.1;0.1;0.0;0.1;0.4;0.1;0.0;0.0;2.1;0.1;0.0;0.1;0.5;0.3
11/07/2018 20:50:00;3.0;0.0;0.0;0.4;0.0;0.0;1.3;0.4;4.2;10.8;2.9;0.7;7.5;29.8;13.0;0.3;0.9;0.0;0.0;9.9;0.2;0.2;0.0;0.0;0.0;0.1;0.1;0.0;0.3;1.0;0.0;0.1;0.8;0.0;0.1;0.1;0.0;0.1;0.4;0.1;0.0;0.0;2.1;0.1;0.0;0.1;0.5;0.3
11/07/2018 20:55:00;3.0;0.0;0.0;0.4;0.0;0.0;1.3;0.4;4.2;10.8;2.9;0.7;7.5;29.8;13.0;0.3;0.9;0.0;0.0;9.9;0.2;0.2;0.0;0.0;0.0;0.1;0.1;0.0;0.3;1.0;0.0;0.1;0.8;0.0;0.1;0.1;0.0;0.1;0.4;0.1;0.0;0.0;2.1;0.1;0.0;0.1;0.5;0.3
11/07/2018 21:00:00;3.0;0.0;0.0;0.4;0.0;0.0;1.3;0.4;4.2;10.8;2.9;0.7;7.5;29.8;13.0;0.3;0.9;0.0;0.0;9.9;0.2;0.2;0.0;0.0;0.0;0.1;0.1;0.0;0.3;1.0;0.0;0.1;0.8;0.0;0.1;0.1;0.0;0.1;0.4;0.1;0.0;0.0;2.1;0.1;0.0;0.1;0.5;0.3
11/07/2018 21:05:00;3.0;0.0;0.0;0.4;0.0;0.0;1.3;0.4;4.2;10.8;2.9;0.7;7.5;29.8;13.0;0.3;0.9;0.0;0.0;9.9;0.2;0.2;0.0;0.0;0.0;0.1;0.1;0.0;0.3;1.0;0.0;0.1;0.8;0.0;0.1;0.1;0.0;0.1;0.4;0.1;0.0;0.0;2.1;0.1;0.0;0.1;0.5;0.3
11/07/2018 21:10:00;3.0;0.0;0.0;0.4;0.0;0.0;1.3;0.4;4.2;10.8;2.9;0.7;7.5;29.8;13.0;0.3;0.9;0.0;0.0;9.9;0.2;0.2;0.0;0.0;0.0;0.1;0.1;0.0;0.3;1.0;0.0;0.1;0.8;0.0;0.1;0.1;0.0;0.1;0.4;0.1;0.0;0.0;2.1;0.1;0.0;0.1;0.5;0.3
11/07/2018 21:15:00;3.0;0.0;0.0;0.4;0.0;0.0;1.3;0.4;4.2;10.8;2.9;0.7;7.5;29.8;13.0;0.3;0.9;0.0;0.0;9.9;0.2;0.2;0.0;0.0;0.0;0.1;0.1;0.0;0.3;1.0;0.0;0.1;0.8;0.0;0.1;0.1;0.0;0.1;0.4;0.1;0.0;0.0;2.1;0.1;0.0;0.1;0.5;0.3
11/07/2018 21:20:00;3.0;0.0;0.0;0.4;0.0;0.0;1.3;0.4;4.2;10.8;2.9;0.7;7.5;29.8;13.0;0.3;0.9;0.0;0.0;9.9;0.2;0.2;0.0;0.0;0.0;0.1;0.1;0.0;0.3;1.0;0.0;0.1;0.8;0.0;0.1;0.1;0.0;0.1;0.4;0.1;0.0;0.0;2.1;0.1;0.0;0.1;0.5;0.3
11/07/2018 21:25:00;3.0;0.0;0.0;0.4;0.0;0.0;1.3;0.4;4.2;10.8;2.9;0.7;7.5;29.8;13.0;0.3;0.9;0.0;0.0;9.9;0.2;0.2;0.0;0.0;0.0;0.1;0.1;0.0;0.3;1.0;0.0;0.1;0.8;0.0;0.1;0.1;0.0;0.1;0.4;0.1;0.0;0.0;2.1;0.1;0.0;0.1;0.5;0.3
11/07/2018 21:30:00;3.0;0.0;0.0;0.4;0.0;0.0;1.3;0.4;4.2;10.8;2.9;0.7;7.5;29.8;13.0;0.3;0.9;0.0;0.0;9.9;0.2;0.2;0.0;0.0;0.0;0.1;0.1;0.0;0.3;1.0;0.0;0.1;0.8;0.0;0.1;0.1;0.0;0.1;0.4;0.1;0.0;0.0;2.1;0.1;0.0;0.1;0.5;0.3
11/07/2018 21:35:00;3.0;0.0;0.0;0.4;0.0;0.0;1.3;0.4;4.2;10.8;2.9;0.7;7.5;29.8;13.0;0.3;0.9;0.0;0.0;9.9;0.2;0.2;0.0;0.0;0.0;0.1;0.1;0.0;0.3;1.0;0.0;0.1;0.8;0.0;0.1;0.1;0.0;0.1;0.4;0.1;0.0;0.0;2.1;0.1;0.0;0.1;0.5;0.3
11/07/2018 21:40:00;3.0;0.0;0.0;0.4;0.0;0.0;1.3;0.4;4.2;10.8;2.9;0.7;7.5;29.8;13.0;0.3;0.9;0.0;0.0;9.9;0.2;0.2;0.0;0.0;0.0;0.1;0.1;0.0;0.3;1.0;0.0;0.1;0.8;0.0;0.1;0.1;0.0;0.1;0.4;0.1;0.0;0.0;2.1;0.1;0.0;0.1;0.5;0.3
11/07/2018 21:45:00;3.0;0.0;0.0;0.4;0.0;0.0;1.3;0.4;4.2;10.8;2.9;0.7;7.5;29.8;13.0;0.3;0.9;0.0;0.0;9.9;0.2;0.2;0.0;0.0;0.0;0.1;0.1;0.0;0.3;1.0;0.0;0.1;0.8;0.0;0.2;0.1;0.0;0.1;0.4;0.1;0.0;0.0;2.1;0.1;0.0;0.1;0.5;0.3
11/07/2018 21:50:00;3.0;0.0;0.0;0.4;0.0;0.0;1.3;0.4;4.2;10.8;2.9;0.7;7.5;29.8;13.0;0.3;0.9;0.0;0.0;9.9;0.2;0.2;0.0;0.0;0.0;0.1;0.1;0.0;0.3;1.0;0.0;0.1;0.8;0.0;0.2;0.1;0.0;0.1;0.4;0.1;0.0;0.0;2.1;0.1;0.0;0.1;0.5;0.3
11/07/2018 21:55:00;3.0;0.0;0.0;0.4;0.0;0.0;1.3;0.4;4.2;10.8;2.9;0.7;7.5;29.8;13.0;0.3;0.9;0.0;0.0;9.9;0.2;0.2;0.0;0.0;0.0;0.1;0.1;0.0;0.3;1.0;0.0;0.1;0.8;0.0;0.2;0.1;0.0;0.1;0.4;0.1;0.0;0.0;2.1;0.1;0.0;0.1;0.5;0.3
11/07/2018 22:00:00;3.0;0.0;0.0;0.4;0.0;0.0;1.3;0.4;4.2;10.8;2.9;0.7;7.5;29.8;13.0;0.3;0.9;0.0;0.0;9.9;0.2;0.2;0.0;0.0;0.0;0.1;0.1;0.0;0.3;1.0;0.0;0.1;0.8;0.0;0.2;0.1;0.0;0.1;0.4;0.1;0.0;0.0;2.1;0.1;0.0;0.1;0.5;0.3
11/07/2018 22:05:00;3.0;0.0;0.0;0.4;0.0;0.0;1.3;0.4;4.2;10.8;2.9;0.7;7.5;29.8;13.0;0.3;0.9;0.0;0.0;9.9;0.2;0.2;0.0;0.0;0.0;0.1;0.1;0.0;0.3;1.0;0.0;0.1;0.8;0.1;0.2;0.1;0.0;0.1;0.4;0.1;0.0;0.0;2.1;0.1;0.0;0.1;0.5;0.4
11/07/2018 22:10:00;3.0;0.0;0.0;0.4;0.0;0.0;1.3;0.4;4.2;10.8;2.9;0.7;7.5;29.8;13.0;0.3;0.9;0.0;0.0;10.1;0.2;0.2;0.0;0.0;0.0;0.1;0.1;0.0;0.3;1.0;0.0;0.1;0.8;0.1;0.2;0.1;0.0;0.1;0.4;0.1;0.0;0.0;2.1;0.1;0.0;0.1;0.5;0.4
11/07/2018 22:15:00;3.1;0.0;0.0;0.4;0.0;0.0;1.3;0.4;4.2;10.8;2.9;0.7;7.5;29.9;13.2;0.3;0.9;0.0;0.0;10.4;0.2;0.2;0.0;0.0;0.0;0.1;0.1;0.0;0.3;1.0;0.0;0.1;0.8;0.1;0.2;0.1;0.0;0.1;0.4;0.1;0.0;0.0;2.3;0.2;0.0;0.3;0.5;0.4
11/07/2018 22:20:00;3.5;0.0;0.0;0.4;0.0;0.0;1.3;0.4;4.2;10.8;2.9;0.7;7.5;30.6;13.3;0.3;0.9;0.0;0.0;10.6;0.2;0.2;0.0;0.0;0.0;0.1;0.1;0.0;0.3;1.0;0.0;0.1;0.8;0.1;0.2;0.1;0.0;0.1;0.4;0.1;0.0;0.0;2.3;1.3;0.0;1.0;0.5;0.4
11/07/2018 22:25:00;3.8;0.0;0.0;0.4;0.1;0.0;1.3;0.4;4.2;10.8;2.9;0.7;7.6;30.7;13.3;0.3;0.9;0.2;0.0;10.9;0.3;0.2;0.0;0.0;0.0;0.1;0.1;0.0;0.3;1.0;0.0;0.1;0.8;0.1;0.2;0.1;0.0;0.1;0.4;0.1;0.0;0.0;2.3;4.3;0.1;2.0;0.5;0.5
11/07/2018 22:30:00;3.8;0.1;0.0;0.4;0.2;0.0;1.3;0.4;4.2;10.8;2.9;0.7;7.6;30.7;13.3;0.3;0.9;0.2;0.0;11.0;0.4;0.2;0.0;0.0;0.0;0.1;0.1;0.0;0.3;1.0;0.0;0.1;0.8;0.1;0.2;0.1;0.0;0.1;0.4;0.1;0.1;0.0;2.3;7.5;0.7;2.7;0.6;0.8
11/07/2018 22:35:00;4.1;0.7;0.3;0.7;0.4;0.0;1.5;0.4;4.2;10.8;2.9;0.8;7.6;30.7;13.3;0.3;0.9;0.3;0.0;11.3;0.6;0.2;0.0;0.0;0.0;0.1;0.1;0.0;0.3;1.0;0.0;0.1;0.8;0.1;0.2;0.1;0.0;0.1;0.4;0.1;0.3;0.0;2.3;12.9;2.1;3.4;1.1;1.1
11/07/2018 22:40:00;6.2;1.4;0.6;0.8;0.4;0.0;1.9;1.1;4.2;10.8;2.9;1.9;7.7;30.7;13.3;0.3;0.9;0.3;0.4;11.4;0.9;0.6;0.0;0.0;0.0;0.1;0.1;0.0;0.3;1.0;0.0;0.1;0.8;0.1;0.3;0.1;0.0;0.1;2.3;0.1;2.1;0.7;2.3;16.1;2.8;4.4;1.5;1.4
11/07/2018 22:45:00;7.2;3.5;0.7;0.9;0.4;0.0;2.0;4.4;4.4;10.8;2.9;3.9;7.7;30.7;13.3;0.3;0.9;0.5;1.3;11.5;1.1;4.4;0.0;0.0;0.0;0.1;0.1;0.0;0.3;1.0;0.1;0.1;0.8;0.2;0.5;0.1;0.1;0.8;8.8;0.4;4.1;2.3;2.3;17.2;3.2;5.1;1.9;1.9
11/07/2018 22:50:00;7.4;4.1;0.7;1.0;0.4;0.0;2.0;8.3;5.0;11.6;3.6;5.2;7.7;30.7;13.4;0.3;0.9;0.6;1.7;11.7;1.4;7.3;0.0;0.0;0.0;0.1;0.1;0.0;0.3;1.0;0.1;0.1;0.8;1.3;0.8;0.1;0.7;2.7;15.8;1.2;5.0;4.0;2.3;17.8;3.6;6.0;2.7;2.3
11/07/2018 22:55:00;7.5;4.2;0.7;1.2;0.5;0.0;2.0;10.6;6.6;13.8;4.6;5.9;7.7;30.8;13.5;0.3;0.9;0.7;2.2;11.8;1.5;10.4;0.6;0.2;0.0;0.1;0.1;0.0;0.3;1.5;0.1;0.1;1.0;2.4;1.0;0.3;1.1;5.6;19.8;2.5;5.3;4.5;2.3;18.2;4.0;6.5;3.3;2.6
11/07/2018 23:00:00;7.6;4.2;0.8;1.3;1.0;0.0;2.0;12.5;8.2;15.3;5.0;6.2;7.7;31.2;13.7;0.7;0.9;0.9;2.5;12.0;1.7;14.1;1.7;1.1;0.1;0.1;0.3;0.0;0.3;1.6;0.1;0.3;1.2;2.8;1.3;1.3;1.5;8.2;21.3;4.4;5.6;4.7;2.3;18.6;4.3;6.7;3.7;2.8
11/07/2018 23:05:00;8.0;4.2;0.9;1.3;2.4;0.0;2.0;13.5;9.4;16.0;5.5;6.5;7.9;31.4;14.0;1.2;0.9;1.1;2.7;12.1;1.9;16.9;3.8;2.4;0.2;0.2;1.0;0.0;0.3;1.7;0.5;0.7;1.3;3.1;1.7;3.8;2.1;10.5;21.6;5.3;5.9;4.9;2.3;19.0;4.5;6.9;3.9;3.0
11/07/2018 23:10:00;9.1;5.0;0.9;1.5;3.9;0.4;2.1;14.1;10.0;16.7;5.7;6.8;8.3;31.5;14.2;1.5;0.9;1.2;3.0;12.1;2.0;18.4;6.3;3.6;1.1;0.6;1.5;0.1;0.3;2.3;1.1;0.9;1.5;3.3;2.1;6.5;2.6;12.1;21.8;6.1;6.3;5.1;2.3;19.4;4.7;7.0;4.1;3.2
11/07/2018 23:15:00;10.2;6.1;1.1;1.7;4.5;2.0;2.1;14.5;10.5;17.1;6.0;7.1;8.5;31.8;14.5;1.9;1.0;1.4;3.3;12.3;2.1;18.8;8.0;4.7;2.5;2.4;2.3;0.7;0.3;3.1;1.6;1.3;1.7;3.6;2.3;8.7;2.9;12.8;21.9;6.4;6.6;5.3;2.3;19.7;4.8;7.1;4.3;3.4
11/07/2018 23:20:00;10.6;6.8;1.2;1.9;4.9;3.2;2.1;14.8;11.0;17.5;6.4;7.3;8.8;32.2;14.7;2.2;1.2;1.6;3.5;12.5;2.2;19.1;10.0;5.8;3.8;4.5;3.3;1.4;0.3;4.8;2.0;2.3;1.8;3.8;2.5;10.0;3.1;13.0;22.0;6.6;6.9;5.4;2.3;20.1;4.9;7.2;4.4;3.6
11/07/2018 23:25:00;10.8;7.0;1.7;2.4;5.2;3.9;2.2;15.1;11.4;17.8;6.6;7.4;9.3;32.6;15.1;2.7;1.3;1.7;3.6;12.6;2.5;19.3;11.9;6.9;4.7;6.0;5.8;2.5;0.3;5.8;2.3;2.7;1.9;4.3;2.6;11.0;3.2;13.2;22.1;6.9;7.0;5.5;2.3;20.8;5.0;7.3;4.5;3.7
11/07/2018 23:30:00;11.2;7.1;2.5;2.6;5.5;4.5;2.8;15.3;11.7;18.0;6.8;7.6;9.7;32.9;15.6;3.4;1.5;1.8;3.8;12.7;2.8;19.5;12.5;7.5;5.3;8.5;7.9;3.2;0.4;6.2;2.4;2.9;2.0;4.6;2.9;11.7;3.6;13.5;22.2;7.1;7.1;5.6;2.3;21.5;5.2;7.5;4.5;3.7
11/07/2018 23:35:00;11.5;7.3;3.0;2.7;5.8;4.7;3.3;15.5;12.0;18.4;6.9;7.8;9.9;33.3;15.9;3.9;1.6;1.9;3.9;12.7;2.9;19.7;12.7;7.8;5.7;11.3;9.6;3.5;0.4;6.4;2.6;3.0;2.2;4.9;3.2;12.0;3.8;13.6;22.2;7.3;7.4;5.7;2.3;22.0;5.3;7.7;4.6;3.7
11/07/2018 23:40:00;11.8;7.5;3.1;2.9;6.1;4.9;3.7;15.7;12.3;18.7;7.1;7.9;10.1;33.6;16.2;4.2;1.7;1.9;4.0;12.7;2.9;19.8;13.0;8.0;5.8;13.2;10.5;3.8;0.4;6.5;2.8;3.0;2.3;5.1;3.8;12.2;4.1;13.6;22.3;7.3;7.8;5.9;2.3;22.4;5.3;7.8;4.7;3.7
11/07/2018 23:45:00;12.1;7.8;3.3;3.3;6.3;5.1;3.9;15.9;12.7;19.0;7.1;7.9;10.4;33.8;16.5;4.5;1.8;2.0;4.2;12.7;2.9;19.9;13.1;8.1;6.0;13.9;10.9;4.1;0.4;6.6;2.9;3.0;2.3;5.3;4.2;12.3;4.6;13.7;22.4;7.4;8.2;6.4;2.3;22.6;5.4;7.8;4.8;3.7
11/07/2018 23:50:00;12.5;8.1;3.6;3.9;6.5;5.4;4.0;16.2;13.0;19.3;7.1;8.2;10.5;34.0;16.8;4.8;1.9;2.1;4.4;12.7;2.9;20.0;13.3;8.2;6.2;14.3;11.1;4.4;0.4;6.8;2.9;3.0;2.3;5.4;4.9;12.3;5.6;13.7;22.5;7.4;8.4;6.9;2.3;22.6;5.4;7.9;4.8;3.7
11/07/2018 23:55:00;12.7;8.3;4.0;4.3;6.8;5.7;4.2;16.4;13.3;19.5;7.3;8.4;10.5;34.1;16.9;5.0;2.0;2.1;4.5;12.7;2.9;20.0;13.3;8.3;6.4;14.6;11.2;4.4;0.4;6.9;2.9;3.0;2.4;5.6;5.5;12.3;6.4;13.7;22.6;7.4;8.5;7.0;2.3;22.6;5.4;7.9;4.9;3.7
12/07/2018 00:00:00;12.9;8.5;4.5;4.7;7.2;5.9;4.4;16.5;13.6;19.7;7.5;8.5;10.6;34.3;17.1;5.2;2.0;2.1;4.6;12.7;2.9;20.1;13.4;8.3;6.5;14.7;11.3;4.5;0.4;6.9;2.9;3.0;2.4;6.1;5.9;12.3;6.9;13.8;22.8;7.6;8.5;7.2;2.3;22.6;5.4;7.9;4.9;3.7
12/07/2018 00:05:00;13.1;8.8;5.0;5.0;7.6;6.3;4.6;16.6;14.1;19.9;7.6;8.6;10.8;34.5;17.2;5.7;2.0;2.1;4.7;12.7;2.9;20.1;13.5;8.4;6.5;14.9;11.4;4.5;0.5;6.9;2.9;3.0;2.4;6.3;6.4;12.3;7.5;13.9;22.8;7.7;8.5;7.4;2.3;22.6;5.4;7.9;4.9;3.7
12/07/2018 00:10:00;13.4;9.1;5.3;5.2;8.0;6.6;5.0;16.7;14.6;20.1;7.7;8.7;11.1;34.7;17.2;6.2;2.1;2.1;4.7;12.7;3.0;20.1;13.6;8.4;6.6;14.9;11.4;4.5;0.5;7.0;2.9;3.0;2.4;6.5;6.5;12.4;7.9;14.1;22.8;7.8;8.5;7.4;2.3;22.6;5.4;7.9;4.9;3.7
12/07/2018 00:15:00;13.9;9.6;5.5;5.5;8.7;6.8;5.1;16.8;15.1;20.2;7.8;8.8;11.3;34.7;17.2;6.7;2.2;2.1;4.7;12.7;3.0;20.2;13.6;8.5;6.6;14.9;11.4;4.5;0.5;7.0;2.9;3.0;2.4;6.7;6.6;12.4;8.0;14.2;22.9;7.9;8.5;7.4;2.3;22.6;5.4;7.9;4.9;3.7
12/07/2018 00:20:00;14.5;10.1;5.8;5.9;9.0;6.9;5.3;16.8;15.4;20.2;7.8;8.9;11.4;34.8;17.2;7.0;2.2;2.2;4.7;12.7;3.0;20.3;13.7;8.6;6.6;14.9;11.4;4.5;0.5;7.0;2.9;3.0;2.4;6.7;6.6;12.5;8.0;14.2;23.0;7.9;8.5;7.5;2.3;22.6;5.5;7.9;4.9;3.7
12/07/2018 00:25:00;15.0;10.4;6.1;6.4;9.1;7.0;5.4;16.9;15.6;20.3;7.9;8.9;11.5;34.8;17.2;7.2;2.2;2.2;4.7;12.7;3.0;20.3;13.7;8.6;6.6;15.0;11.4;4.5;0.5;7.0;2.9;3.0;2.4;6.8;6.6;12.5;8.1;14.3;23.0;8.0;8.5;7.5;2.3;22.6;5.5;7.9;4.9;3.7
12/07/2018 00:30:00;15.2;10.6;6.5;6.7;9.2;7.0;5.5;16.9;15.6;20.3;7.9;8.9;11.5;34.8;17.2;7.3;2.2;2.2;4.8;12.7;3.0;20.4;13.8;8.6;6.6;15.0;11.4;4.5;0.6;7.0;2.9;3.0;2.4;6.8;6.6;12.5;8.1;14.3;23.0;8.0;8.5;7.5;2.3;22.6;5.5;7.9;4.9;3.7
12/07/2018 00:35:00;15.3;10.6;6.7;6.9;9.2;7.0;5.5;16.9;15.7;20.3;8.0;8.9;11.5;34.8;17.2;7.4;2.2;2.2;4.8;12.7;3.0;20.4;13.8;8.6;6.6;15.0;11.4;4.5;0.6;7.0;2.9;3.0;2.4;6.8;6.6;12.5;8.1;14.3;23.0;8.0;8.5;7.5;2.3;22.6;5.5;7.9;4.9;3.7
12/07/2018 00:40:00;15.3;10.7;6.8;7.0;9.2;7.1;5.5;17.0;15.7;20.4;8.0;8.9;11.5;34.8;17.2;7.4;2.2;2.2;4.8;12.7;3.0;20.4;13.8;8.6;6.6;15.0;11.4;4.5;0.6;7.0;2.9;3.1;2.4;6.8;6.6;12.5;8.1;14.3;23.0;8.1;8.5;7.5;2.3;22.6;5.5;7.9;4.9;3.7
12/07/2018 00:45:00;15.3;10.7;6.9;7.0;9.2;7.1;5.5;17.0;15.7;20.4;8.0;8.9;11.5;34.8;17.2;7.5;2.2;2.2;4.8;12.7;3.0;20.4;13.8;8.7;6.6;15.0;11.4;4.5;0.6;7.0;2.9;3.1;2.4;6.8;6.6;12.5;8.1;14.3;23.0;8.1;8.5;7.5;2.3;22.6;5.5;7.9;4.9;3.7
12/07/2018 00:50:00;15.3;10.7;6.9;7.1;9.2;7.1;5.5;17.0;15.7;20.4;8.0;8.9;11.5;34.8;17.2;7.5;2.2;2.2;4.8;12.7;3.0;20.4;13.8;8.7;6.6;15.0;11.4;4.5;0.6;7.0;2.9;3.1;2.4;6.8;6.6;12.5;8.1;14.3;23.0;8.1;8.5;7.5;2.3;22.6;5.5;7.9;4.9;3.7
12/07/2018 00:55:00;15.3;10.7;6.9;7.1;9.2;7.1;5.5;17.0;15.7;20.4;8.0;8.9;11.5;34.8;17.2;7.5;2.2;2.2;4.8;12.7;3.0;20.4;13.8;8.7;6.6;15.0;11.4;4.5;0.6;7.0;2.9;3.1;2.4;6.8;6.6;12.6;8.1;14.3;23.0;8.1;8.5;7.5;2.3;22.7;5.5;7.9;4.9;3.7
12/07/2018 01:00:00;15.3;10.8;6.9;7.1;9.2;7.1;5.6;17.0;15.7;20.4;8.0;8.9;11.5;34.8;17.2;7.5;2.2;2.2;4.8;12.7;3.0;20.4;13.8;8.7;6.6;15.0;11.4;4.5;0.7;7.0;2.9;3.1;2.4;6.8;6.7;12.6;8.2;14.3;23.0;8.1;8.5;7.5;2.3;22.7;5.5;7.9;4.9;3.7
12/07/2018 01:05:00;15.3;10.8;6.9;7.1;9.2;7.1;5.6;17.0;15.7;20.4;8.0;8.9;11.5;34.8;17.2;7.5;2.2;2.2;4.8;12.7;3.0;20.4;13.8;8.7;6.6;15.0;11.4;4.5;0.7;7.0;2.9;3.1;2.4;6.8;6.7;12.6;8.2;14.3;23.0;8.1;8.5;7.5;2.3;22.7;5.5;7.9;4.9;3.7
12/07/2018 01:10:00;15.4;10.8;6.9;7.1;9.2;7.1;5.6;17.0;15.7;20.4;8.0;8.9;11.5;34.8;17.2;7.5;2.2;2.2;4.8;12.7;3.0;20.4;13.8;8.7;6.6;15.0;11.4;4.5;0.7;7.0;2.9;3.1;2.4;6.8;6.7;12.6;8.2;14.3;23.0;8.1;8.5;7.5;2.3;22.7;5.5;7.9;4.9;3.7
12/07/2018 01:15:00;15.4;10.8;7.0;7.1;9.2;7.1;5.6;17.0;15.7;20.4;8.0;8.9;11.5;34.8;17.2;7.5;2.2;2.2;4.8;12.7;3.0;20.4;13.8;8.7;6.6;15.0;11.4;4.5;0.7;7.0;2.9;3.1;2.4;6.8;6.7;12.6;8.2;14.3;23.0;8.1;8.5;7.5;2.3;22.7;5.5;7.9;4.9;3.7
12/07/2018 01:20:00;15.4;10.8;7.0;7.1;9.2;7.1;5.6;17.0;15.7;20.4;8.0;8.9;11.5;34.8;17.2;7.5;2.2;2.2;4.8;12.7;3.0;20.4;13.8;8.7;6.6;15.0;11.4;4.5;0.7;7.0;2.9;3.1;2.4;6.8;6.7;12.6;8.2;14.3;23.0;8.1;8.5;7.5;2.3;22.7;5.5;7.9;4.9;3.7
12/07/2018 01:25:00;15.4;10.8;7.0;7.1;9.2;7.1;5.6;17.0;15.7;20.4;8.0;8.9;11.5;34.8;17.2;7.5;2.2;2.2;4.8;12.7;3.0;20.4;13.8;8.7;6.6;15.0;11.4;4.5;0.7;7.0;2.9;3.1;2.4;6.8;6.7;12.6;8.3;14.3;23.0;8.1;8.5;7.5;2.3;22.7;5.5;7.9;4.9;3.7
12/07/2018 01:30:00;15.4;10.8;7.0;7.1;9.2;7.1;5.6;17.0;15.7;20.4;8.0;8.9;11.5;34.8;17.2;7.5;2.2;2.2;4.8;12.7;3.0;20.4;13.8;8.7;6.6;15.0;11.4;4.5;0.8;7.0;3.0;3.1;2.4;6.8;6.7;12.6;8.3;14.3;23.0;8.1;8.5;7.5;2.3;22.7;5.5;7.9;4.9;3.7
12/07/2018 01:35:00;15.4;10.8;7.0;7.1;9.2;7.1;5.6;17.0;15.7;20.4;8.0;8.9;11.5;34.8;17.2;7.5;2.2;2.2;4.8;12.8;3.0;20.4;13.8;8.7;6.6;15.0;11.4;4.5;0.8;7.0;3.0;3.1;2.4;6.8;6.7;12.6;8.3;14.3;23.0;8.1;8.5;7.5;2.3;22.7;5.5;7.9;4.9;3.7
12/07/2018 01:40:00;15.4;10.8;7.0;7.2;9.2;7.1;5.6;17.0;15.7;20.4;8.0;8.9;11.5;34.8;17.2;7.5;2.2;2.2;4.8;12.8;3.0;20.4;13.8;8.7;6.6;15.0;11.4;4.5;0.8;7.0;3.0;3.1;2.4;6.8;6.7;12.6;8.3;14.3;23.0;8.1;8.5;7.5;2.3;22.7;5.5;7.9;4.9;3.7
12/07/2018 01:45:00;15.4;10.8;7.0;7.2;9.2;7.1;5.6;17.0;15.7;20.4;8.0;8.9;11.5;34.8;17.2;7.5;2.2;2.2;4.8;12.8;3.0;20.4;13.8;8.7;6.6;15.0;11.4;4.5;0.8;7.0;3.0;3.1;2.4;6.8;6.7;12.6;8.3;14.3;23.0;8.1;8.5;7.5;2.3;22.7;5.5;7.9;4.9;3.7
12/07/2018 01:50:00;15.4;10.8;7.0;7.2;9.2;7.1;5.6;17.0;15.7;20.4;8.0;9.0;11.5;34.8;17.2;7.5;2.2;2.2;4.8;12.8;3.0;20.5;13.8;8.7;6.6;15.0;11.4;4.5;0.8;7.0;3.0;3.1;2.5;6.8;6.7;12.6;8.3;14.3;23.0;8.1;8.5;7.5;2.3;22.7;5.5;7.9;4.9;3.7
12/07/2018 01:55:00;15.4;10.8;7.0;7.2;9.2;7.1;5.6;17.0;15.7;20.4;8.0;9.0;11.5;34.8;17.2;7.5;2.2;2.2;4.8;12.8;3.0;20.5;13.8;8.7;6.6;15.0;11.4;4.5;0.8;7.0;3.0;3.1;2.5;6.8;6.7;12.6;8.3;14.3;23.0;8.1;8.5;7.5;2.3;22.7;5.5;7.9;4.9;3.7
12/07/2018 02:00:00;15.4;10.8;7.0;7.2;9.2;7.1;5.6;17.0;15.7;20.4;8.0;9.0;11.5;34.8;17.2;7.5;2.2;2.2;4.8;12.8;3.0;20.5;13.8;8.7;6.6;15.0;11.4;4.5;0.8;7.0;3.0;3.2;2.5;6.8;6.7;12.6;8.3;14.4;23.0;8.1;8.5;7.5;2.3;22.7;5.5;7.9;4.9;3.7
12/07/2018 02:05:00;15.4;10.8;7.0;7.2;9.2;7.1;5.6;17.0;15.7;20.4;8.0;9.0;11.5;34.8;17.2;7.5;2.2;2.2;4.8;12.8;3.0;20.5;13.8;8.7;6.6;15.0;11.4;4.6;0.9;7.0;3.0;3.2;2.5;6.8;6.7;12.6;8.3;14.4;23.0;8.1;8.5;7.5;2.3;22.7;5.5;7.9;4.9;3.7
12/07/2018 02:10:00;15.4;10.8;7.0;7.2;9.2;7.1;5.6;17.0;15.7;20.4;8.0;9.0;11.5;34.8;17.2;7.5;2.2;2.2;4.8;12.8;3.0;20.5;13.8;8.7;6.6;15.0;11.4;4.6;0.9;7.0;3.0;3.2;2.6;6.8;6.7;12.6;8.3;14.4;23.0;8.1;8.5;7.5;2.3;22.7;5.5;7.9;4.9;3.7
12/07/2018 02:15:00;15.4;10.8;7.0;7.2;9.2;7.1;5.6;17.1;15.7;20.4;8.0;9.0;11.5;34.8;17.2;7.5;2.2;2.2;4.8;12.8;3.0;20.5;13.8;8.7;6.6;15.0;11.4;4.6;0.9;7.0;3.0;3.2;2.6;6.8;6.7;12.6;8.3;14.4;23.0;8.1;8.5;7.5;2.3;22.7;5.5;7.9;4.9;3.7
12/07/2018 02:20:00;15.4;10.8;7.0;7.2;9.2;7.1;5.6;17.1;15.7;20.4;8.0;9.0;11.5;34.8;17.2;7.5;2.2;2.2;4.8;12.8;3.0;20.5;13.8;8.7;6.6;15.0;11.4;4.6;0.9;7.0;3.0;3.3;2.6;6.8;6.7;12.6;8.3;14.4;23.0;8.1;8.5;7.5;2.3;22.7;5.5;7.9;4.9;3.8
12/07/2018 02:25:00;15.4;10.8;7.0;7.2;9.3;7.1;5.6;17.1;15.7;20.4;8.0;9.0;11.5;34.8;17.2;7.5;2.2;2.2;4.8;12.8;3.0;20.5;13.8;8.7;6.6;15.0;11.4;4.6;0.9;7.0;3.0;3.3;2.6;6.9;6.7;12.6;8.3;14.4;23.0;8.1;8.5;7.5;2.3;22.7;5.5;7.9;4.9;3.8
12/07/2018 02:30:00;15.4;10.8;7.0;7.2;9.3;7.1;5.6;17.1;15.7;20.4;8.0;9.0;11.5;34.8;17.2;7.6;2.2;2.2;4.8;12.8;3.0;20.5;13.8;8.7;6.6;15.0;11.4;4.6;1.0;7.0;3.0;3.3;2.7;6.9;6.7;12.6;8.3;14.4;23.0;8.1;8.5;7.5;2.3;22.7;5.5;7.9;4.9;3.8
12/07/2018 02:35:00;15.4;10.8;7.0;7.2;9.3;7.1;5.6;17.1;15.7;20.4;8.0;9.0;11.5;34.8;17.2;7.6;2.2;2.2;4.8;13.0;3.0;20.5;13.9;8.8;6.7;15.0;11.4;4.6;1.0;7.0;3.0;3.3;2.8;6.9;6.7;12.6;8.3;14.4;23.0;8.1;8.5;7.5;2.3;22.7;5.5;7.9;4.9;3.8
12/07/2018 02:40:00;15.4;10.9;7.0;7.3;9.3;7.1;5.6;17.1;15.7;20.4;8.0;9.0;11.5;34.8;17.2;7.6;2.2;2.2;4.8;13.1;3.1;20.5;13.9;8.8;6.7;15.0;11.4;4.7;1.0;7.0;3.0;3.4;2.8;6.9;6.7;12.6;8.3;14.4;23.0;8.1;8.5;7.5;2.3;22.7;5.5;8.0;4.9;3.9
12/07/2018 02:45:00;15.5;10.9;7.0;7.3;9.3;7.1;5.6;17.1;15.7;20.4;8.0;9.0;11.5;34.8;17.2;7.6;2.2;2.2;4.8;13.2;3.3;20.5;13.9;8.8;6.7;15.0;11.4;4.7;1.0;7.1;3.0;3.4;2.8;6.9;6.7;12.6;8.3;14.4;23.0;8.1;8.6;7.5;2.3;22.8;5.6;8.3;5.0;4.0
12/07/2018 02:50:00;15.5;10.9;7.1;7.3;9.3;7.1;5.6;17.1;15.7;20.4;8.0;9.0;11.5;34.8;17.2;7.6;2.2;2.2;4.8;13.3;3.5;20.5;13.9;8.8;6.7;15.0;11.4;4.7;1.0;7.1;3.1;3.5;2.9;6.9;6.7;12.6;8.3;14.4;23.0;8.2;8.7;7.6;2.3;22.8;5.6;8.6;5.1;4.1
12/07/2018 02:55:00;15.5;10.9;7.1;7.3;9.3;7.1;5.6;17.1;15.7;20.4;8.0;9.0;11.5;34.8;17.3;7.6;2.2;2.3;4.9;13.5;3.6;20.6;13.9;8.8;6.7;15.0;11.5;4.8;1.0;7.1;3.1;3.6;2.9;6.9;6.8;12.6;8.3;14.5;23.1;8.2;8.8;7.7;2.3;22.9;5.6;8.7;5.2;4.2
12/07/2018 03:00:00;15.5;10.9;7.1;7.3;9.3;7.1;5.6;17.2;15.7;20.5;8.0;9.1;11.5;34.9;17.5;7.6;2.2;2.4;5.0;13.6;3.8;20.8;14.0;8.8;6.7;15.0;11.5;4.8;1.0;7.1;3.1;3.7;3.0;6.9;6.9;12.7;8.4;14.6;23.2;8.2;8.9;7.8;2.3;23.1;5.6;8.8;5.4;4.3
12/07/2018 03:05:00;15.5;10.9;7.1;7.4;9.4;7.2;5.6;17.3;15.7;20.5;8.0;9.2;11.6;35.0;17.6;7.6;2.3;2.5;5.1;13.7;3.9;20.8;14.0;8.9;6.8;15.1;11.6;4.9;1.1;7.2;3.2;3.7;3.1;7.0;6.9;12.8;8.4;14.7;23.2;8.3;9.1;7.9;2.3;23.3;5.7;8.9;5.5;4.4
12/07/2018 03:10:00;15.6;11.0;7.1;7.4;9.4;7.3;5.7;17.4;15.7;20.6;8.1;9.2;11.7;35.2;17.7;7.6;2.3;2.6;5.2;13.8;3.9;20.9;14.1;9.0;7.0;15.2;11.8;5.0;1.1;7.3;3.3;3.9;3.3;7.1;7.0;12.9;8.5;14.8;23.3;8.4;9.4;8.0;2.3;23.5;5.7;8.9;5.6;4.5
12/07/2018 03:15:00;15.8;11.1;7.2;7.5;9.5;7.4;5.7;17.5;15.7;20.6;8.2;9.3;11.8;35.3;17.8;7.6;2.3;2.7;5.3;13.9;4.0;21.1;14.2;9.0;7.0;15.3;11.9;5.1;1.1;7.4;3.5;4.0;3.3;7.2;7.1;13.0;8.6;15.0;23.4;8.6;9.5;8.1;2.3;23.6;5.9;9.0;5.7;4.6
12/07/2018 03:20:00;15.9;11.3;7.2;7.6;9.6;7.6;5.8;17.6;15.7;20.7;8.2;9.4;11.9;35.3;17.9;7.7;2.4;2.7;5.3;14.0;4.2;21.3;14.4;9.1;7.1;15.4;12.1;5.4;1.1;7.6;3.8;4.3;3.4;7.5;7.3;13.1;8.8;15.2;23.4;8.9;9.6;8.2;2.3;23.8;5.9;9.0;5.7;4.6
12/07/2018 03:25:00;16.1;11.4;7.4;7.7;9.7;7.7;5.9;17.7;15.7;20.8;8.3;9.4;11.9;35.4;17.9;7.7;2.4;2.8;5.4;14.1;4.2;21.5;14.6;9.2;7.2;15.6;12.3;5.7;1.1;7.9;4.0;4.6;3.5;7.7;7.6;13.3;9.1;15.4;23.5;9.2;9.8;8.3;2.3;23.9;6.0;9.1;5.8;4.7
12/07/2018 03:30:00;16.3;11.5;7.5;7.8;9.8;7.7;6.0;17.9;15.7;20.9;8.3;9.5;12.0;35.4;18.0;7.8;2.4;3.0;5.5;14.1;4.3;21.7;14.8;9.4;7.4;15.8;12.5;5.8;1.2;8.1;4.1;4.8;3.6;8.0;7.8;13.6;9.4;15.6;23.6;9.4;9.9;8.4;2.3;24.0;6.1;9.3;6.0;4.9
12/07/2018 03:35:00;16.4;11.6;7.6;8.1;9.9;7.9;6.2;18.1;15.8;21.0;8.4;9.7;12.0;35.5;18.0;7.9;2.4;3.1;5.7;14.3;4.4;21.9;15.0;9.6;7.6;16.0;12.7;6.0;1.2;8.2;4.3;4.9;3.7;8.2;8.0;13.9;9.7;15.8;23.7;9.6;10.0;8.6;2.3;24.1;6.2;9.6;6.1;5.1
12/07/2018 03:40:00;16.5;11.7;7.7;8.3;10.0;8.0;6.4;18.3;16.0;21.1;8.5;9.8;12.1;35.6;18.1;7.9;2.4;3.2;5.8;14.4;4.5;22.0;15.1;9.8;7.7;16.3;12.9;6.2;1.2;8.4;4.5;5.1;3.8;8.4;8.3;14.1;9.9;15.9;23.8;9.8;10.2;8.7;2.3;24.3;6.3;9.8;6.3;5.3
12/07/2018 03:45:00;16.6;11.8;7.7;8.4;10.2;8.1;6.5;18.6;16.2;21.2;8.6;9.9;12.1;35.6;18.1;8.0;2.5;3.4;6.0;14.6;4.6;22.2;15.2;9.9;7.9;16.4;13.0;6.4;1.2;8.5;4.6;5.3;3.8;8.6;8.5;14.2;10.1;16.1;23.9;9.9;10.4;8.9;2.3;24.4;6.3;10.2;6.5;5.5
12/07/2018 03:50:00;17.0;12.0;7.8;8.5;10.2;8.3;6.6;18.8;16.4;21.3;8.7;10.0;12.2;35.7;18.3;8.0;2.5;3.5;6.2;14.8;4.8;22.4;15.4;10.0;8.0;16.5;13.1;6.5;1.2;8.6;4.8;5.5;4.0;8.8;8.7;14.4;10.3;16.1;24.0;10.0;10.5;9.0;2.3;24.7;6.4;10.5;6.7;5.7
12/07/2018 03:55:00;17.2;12.2;7.9;8.6;10.3;8.3;6.7;18.9;16.4;21.4;8.7;10.2;12.3;35.8;18.4;8.1;2.5;3.7;6.4;15.5;5.2;22.5;15.5;10.2;8.1;16.7;13.3;6.6;1.2;9.3;4.9;5.8;4.1;8.9;8.8;14.6;10.5;16.2;24.0;10.1;10.7;9.2;2.3;24.8;6.5;10.8;6.8;5.9
12/07/2018 04:00:00;17.4;12.6;8.0;8.7;10.4;8.4;6.8;19.0;16.5;21.5;8.8;10.3;12.4;36.1;18.7;8.2;2.6;3.8;6.6;17.2;5.9;22.6;15.5;10.2;8.2;16.9;13.5;6.9;1.3;10.4;5.2;6.0;4.2;9.0;8.9;14.8;10.6;16.4;24.2;10.2;10.9;9.4;2.3;25.1;6.6;11.3;7.0;6.3
12/07/2018 04:05:00;17.4;12.9;8.0;8.8;10.4;8.5;6.9;19.1;16.6;21.6;9.0;10.5;12.6;36.3;19.1;8.3;2.7;4.1;6.8;18.2;7.0;22.7;15.7;10.3;8.3;17.1;13.6;7.8;1.3;11.4;5.6;6.2;4.3;9.1;9.2;14.9;11.0;16.4;24.3;10.4;11.0;9.6;2.3;25.4;6.7;13.1;7.5;6.9
12/07/2018 04:10:00;17.5;12.9;8.1;8.8;10.5;8.6;7.0;19.2;16.6;21.7;9.1;10.7;13.0;36.6;19.9;8.5;2.8;4.6;7.2;18.6;7.5;22.8;15.8;10.4;8.4;17.2;13.7;8.3;1.3;11.7;6.1;6.7;4.3;9.5;9.5;15.1;11.3;16.7;24.4;10.6;11.3;10.0;2.3;25.9;6.8;16.1;8.1;7.9
12/07/2018 04:15:00;17.5;13.0;8.2;8.9;10.6;8.8;7.2;19.4;16.8;22.0;9.6;11.1;13.8;37.1;21.1;8.9;3.0;5.4;7.6;19.0;7.9;23.0;16.0;10.5;8.5;17.3;13.9;8.6;1.3;12.2;6.5;7.2;4.5;10.2;9.8;15.4;11.6;17.0;24.6;10.8;11.5;11.2;2.3;26.7;6.9;17.1;8.7;9.4
12/07/2018 04:20:00;17.6;13.0;8.3;9.0;10.6;9.9;7.3;19.7;17.0;22.4;10.4;11.8;14.4;38.0;22.2;9.5;3.4;5.9;8.1;19.3;8.2;23.4;16.3;10.7;8.7;17.4;14.1;9.2;1.4;12.7;6.9;7.7;4.6;10.6;10.2;15.7;12.1;17.2;24.9;11.1;12.2;12.3;2.3;27.8;7.1;18.0;9.4;10.1
12/07/2018 04:25:00;17.7;13.1;8.4;9.2;10.8;10.1;7.9;20.3;17.5;22.9;11.2;12.4;14.9;39.3;22.9;10.1;3.6;6.3;8.7;19.8;9.3;23.8;16.5;11.1;8.9;17.6;14.4;9.7;1.4;13.1;7.2;8.2;4.7;10.9;10.9;16.3;12.8;17.6;25.3;11.4;13.5;12.8;2.3;28.7;7.5;18.8;10.2;10.4
12/07/2018 04:30:00;18.0;13.2;8.6;9.5;11.1;10.2;10.5;21.2;17.9;23.4;11.7;13.2;15.9;40.1;23.3;10.6;3.9;6.6;9.2;20.2;10.6;24.3;16.8;11.4;9.2;18.3;15.4;10.0;1.4;13.5;7.5;8.6;4.8;11.3;11.4;17.2;13.3;18.1;25.6;11.9;14.6;13.2;2.3;29.5;7.8;19.2;10.7;10.9
12/07/2018 04:35:00;18.8;13.4;9.1;10.2;11.3;10.5;12.4;22.2;18.6;23.9;12.0;13.6;16.4;40.6;24.0;11.1;4.1;7.0;9.6;20.6;11.0;24.8;17.1;11.6;9.6;19.2;16.4;10.3;1.4;14.3;7.8;8.9;4.9;11.9;11.8;17.6;13.9;18.7;26.0;12.3;16.2;13.6;2.3;29.9;8.1;20.4;11.2;11.4
12/07/2018 04:40:00;19.6;14.2;10.2;11.4;11.6;10.8;12.6;22.7;19.3;24.8;12.7;13.9;17.0;41.2;24.7;11.8;4.3;7.4;10.1;21.0;11.3;25.2;17.4;11.9;10.0;19.7;17.0;10.6;1.5;15.4;8.1;9.3;5.1;12.4;12.1;17.9;14.3;19.2;26.3;12.9;17.7;14.0;2.3;30.5;8.3;21.0;11.6;11.9
12/07/2018 04:45:00;20.1;15.5;11.4;12.0;11.8;11.1;12.9;23.1;20.0;25.9;13.6;14.3;17.4;41.9;25.3;12.7;4.5;7.8;10.5;21.3;11.7;25.5;17.7;12.1;10.3;20.1;17.4;11.0;1.5;16.2;8.3;9.6;5.2;12.8;12.4;18.2;14.7;19.6;26.5;13.4;18.5;14.4;2.3;32.2;8.5;21.6;12.2;12.3
12/07/2018 04:50:00;20.4;16.5;12.2;12.3;12.2;11.3;13.1;23.7;20.5;26.4;14.2;14.8;17.9;42.3;25.7;13.2;4.7;8.1;10.8;21.7;12.1;25.8;18.1;12.5;10.6;20.4;17.6;11.9;1.5;16.5;8.4;9.9;5.3;13.4;12.7;18.4;15.1;19.8;26.8;14.1;19.0;14.8;2.3;34.4;9.1;22.4;12.7;12.6
12/07/2018 04:55:00;20.9;16.7;12.5;12.6;12.8;11.5;13.4;24.2;21.0;27.0;14.7;15.2;18.3;42.6;26.0;13.6;4.8;8.3;11.0;21.9;12.3;26.1;18.3;13.0;11.0;20.6;17.8;12.6;1.5;16.7;8.6;10.2;5.4;14.3;13.1;18.7;15.7;20.1;27.0;14.4;19.3;15.1;2.3;34.9;9.6;23.1;12.9;12.9
12/07/2018 05:00:00;21.5;17.3;12.7;13.1;13.1;11.7;13.5;24.7;21.5;27.6;14.9;15.4;18.6;42.8;26.3;14.0;5.0;8.6;11.3;22.1;12.6;26.7;18.5;13.2;11.2;20.8;18.2;12.8;1.6;16.9;8.8;10.3;5.5;14.8;13.8;19.2;16.4;20.4;27.2;14.7;20.2;15.4;2.3;35.5;9.7;23.6;13.2;13.2
12/07/2018 05:05:00;21.8;17.7;13.0;13.4;13.8;12.0;13.7;25.0;21.8;27.8;15.0;15.7;18.8;43.1;26.5;14.3;5.1;8.9;11.8;22.4;12.8;27.1;18.9;13.5;11.4;21.0;18.5;13.0;1.6;17.2;9.0;10.5;5.6;15.2;14.7;20.0;17.6;20.6;27.4;14.9;20.7;15.7;2.3;35.9;10.0;24.0;13.5;13.5
12/07/2018 05:10:00;22.1;18.0;13.2;13.7;14.4;12.3;13.9;25.3;22.2;28.2;15.3;16.1;19.0;43.3;26.7;14.6;5.2;9.2;12.1;22.6;13.1;27.4;19.2;14.0;11.6;21.1;18.7;13.2;1.6;17.5;9.2;10.7;5.8;15.7;15.3;20.7;18.2;20.9;27.7;15.3;21.1;16.0;2.3;36.4;10.3;24.3;13.8;13.7
12/07/2018 05:15:00;22.5;18.2;13.5;14.1;14.7;13.0;14.1;25.6;22.5;28.4;15.6;16.4;19.2;43.6;27.0;14.9;5.2;9.5;12.4;23.1;13.3;27.7;19.4;14.5;12.2;21.3;18.9;13.4;1.7;18.0;9.8;10.9;5.8;16.2;15.6;21.2;18.7;21.2;27.9;15.7;21.5;16.3;2.3;36.7;10.5;24.5;14.0;14.0
12/07/2018 05:20:00;22.8;18.5;13.9;14.6;15.0;13.5;14.6;25.9;22.8;28.6;15.9;16.7;19.6;44.0;27.3;15.1;5.3;9.7;12.7;23.4;13.8;28.0;19.7;14.9;12.7;21.8;19.3;13.9;1.7;18.6;10.5;11.0;5.9;16.6;15.9;21.6;19.0;21.5;28.0;16.0;21.8;16.5;2.3;36.9;10.7;24.8;14.3;14.3
12/07/2018 05:25:00;23.2;18.9;14.2;14.9;15.3;14.1;15.2;26.1;23.0;28.9;16.2;16.9;20.0;44.2;27.5;15.5;5.4;10.0;12.9;23.7;14.1;28.3;20.0;15.1;12.9;22.3;19.6;14.2;1.7;19.2;10.8;11.3;6.1;17.0;16.2;22.1;19.4;21.8;28.2;16.2;22.0;16.7;2.3;37.2;10.8;25.1;14.5;14.8
12/07/2018 05:30:00;23.4;19.3;14.6;15.2;15.5;14.6;15.6;26.4;23.4;29.1;16.4;17.2;20.2;44.5;27.9;15.8;5.6;10.4;13.2;23.9;14.3;28.5;20.1;15.3;13.2;22.6;20.0;14.5;1.8;19.7;11.0;11.8;6.2;17.2;16.4;22.5;19.6;22.0;28.3;16.5;22.2;16.9;2.3;37.4;10.9;25.3;14.9;16.1
12/07/2018 05:35:00;23.6;19.6;14.8;15.5;15.8;14.9;16.1;26.6;23.7;29.3;16.6;17.4;20.6;44.7;28.2;16.1;5.8;10.6;13.5;24.4;14.8;28.8;20.3;15.5;13.4;22.9;20.2;14.8;1.8;20.1;11.2;12.1;6.3;17.4;16.6;22.8;19.9;22.2;28.5;16.7;22.5;17.1;2.3;37.6;11.0;25.9;15.6;17.0
12/07/2018 05:40:00;23.9;19.8;15.1;15.9;16.0;15.2;16.5;26.8;23.9;29.4;16.9;17.7;21.1;44.9;29.5;16.4;5.9;10.9;13.8;24.7;15.4;29.0;20.5;15.8;13.5;23.1;20.4;15.1;1.8;20.3;11.4;12.3;6.3;17.6;16.8;23.1;20.1;22.4;28.7;16.9;22.7;17.7;2.3;37.8;11.1;27.1;16.5;18.4
12/07/2018 05:45:00;24.1;20.0;15.4;16.2;16.2;15.4;16.8;27.1;24.2;29.7;17.1;18.0;21.9;45.6;31.1;16.6;6.3;11.7;14.1;25.4;15.7;29.2;20.7;16.0;13.7;23.2;20.6;15.4;1.9;20.6;11.6;12.5;6.4;17.8;17.0;23.3;20.3;22.6;28.9;17.1;23.3;19.0;2.3;38.3;11.1;28.0;17.3;19.1
12/07/2018 05:50:00;24.4;20.3;15.7;16.5;16.4;15.7;17.0;27.4;24.4;29.7;17.8;18.4;23.2;46.1;32.4;17.1;6.6;12.0;14.9;26.5;17.1;29.5;20.9;16.2;14.0;23.4;20.8;15.7;1.9;20.7;11.8;12.7;6.6;18.0;17.2;23.5;20.5;22.8;29.3;17.3;25.1;19.7;2.3;39.7;11.3;29.1;17.8;19.6
12/07/2018 05:55:00;24.6;20.5;15.9;16.7;16.6;16.0;17.2;27.9;24.9;29.9;18.7;19.1;24.0;46.9;33.1;17.9;6.7;12.5;15.3;27.1;18.0;30.2;21.1;16.4;14.2;23.6;21.0;15.9;2.0;21.0;12.0;12.9;6.7;18.3;17.5;23.7;20.8;23.2;29.6;17.8;26.7;20.3;2.3;41.1;11.6;29.9;18.7;20.6
12/07/2018 06:00:00;25.0;20.7;16.3;17.1;16.9;16.2;17.4;28.6;25.5;30.2;18.9;19.4;24.5;49.4;34.3;18.4;6.8;13.2;16.1;27.4;18.7;31.4;21.7;16.6;14.5;23.8;21.3;16.1;2.0;21.2;12.2;13.1;6.8;18.7;17.7;24.0;21.1;23.7;29.9;18.9;27.4;20.9;2.3;41.7;11.8;30.9;19.9;20.8
12/07/2018 06:05:00;25.5;21.1;17.1;17.8;17.5;16.4;17.7;29.1;25.8;30.2;19.7;20.2;25.6;50.7;35.5;18.7;7.0;13.5;16.7;27.7;18.9;32.3;23.1;17.1;14.7;24.1;21.6;16.3;2.1;21.5;12.5;13.3;6.8;19.3;18.1;24.4;21.5;24.3;30.4;20.0;28.2;22.7;2.3;42.2;12.1;31.3;20.2;21.1
12/07/2018 06:10:00;26.2;21.4;18.4;18.6;17.9;16.8;17.9;29.7;26.7;30.2;21.1;20.7;27.3;51.4;35.7;19.4;7.2;13.7;16.9;28.5;19.3;32.8;24.3;17.8;15.3;24.4;21.9;16.7;2.2;21.9;12.7;13.6;7.0;20.1;18.6;24.8;22.0;24.9;31.1;21.0;29.5;23.2;2.3;43.9;12.4;32.0;20.5;21.7
12/07/2018 06:15:00;28.4;21.7;19.5;19.0;18.1;17.5;18.3;30.6;28.0;30.2;21.7;20.9;27.8;51.7;36.0;20.4;7.3;14.1;17.4;29.1;20.1;34.0;25.8;18.6;16.5;24.8;22.4;17.0;2.2;22.1;12.9;14.0;7.1;21.3;19.0;25.4;22.6;25.6;31.3;22.5;29.9;23.5;2.3;44.6;13.0;33.5;21.3;22.8
12/07/2018 06:20:00;29.9;22.6;20.0;19.3;18.8;18.0;18.9;31.0;29.2;30.2;21.9;21.7;28.1;52.1;36.6;20.8;7.3;15.5;18.5;29.7;20.8;34.6;26.7;19.7;18.0;25.6;23.1;17.3;2.3;22.3;13.1;14.2;7.2;22.8;19.8;26.3;23.4;26.3;31.7;23.2;30.4;24.3;2.3;45.3;13.3;34.6;22.2;23.4
12/07/2018 06:25:00;31.0;24.8;20.2;19.7;21.0;18.6;19.7;31.6;30.2;30.2;22.8;22.6;28.7;52.8;37.4;21.0;7.6;16.0;19.3;30.1;21.3;35.1;27.3;20.8;19.4;27.1;25.1;17.6;2.4;22.6;13.3;14.5;7.3;23.7;21.8;27.4;25.7;27.0;32.5;23.7;31.3;25.3;2.3;46.5;13.5;35.3;22.7;23.9
12/07/2018 06:30:00;31.3;26.0;20.5;20.1;23.1;19.8;20.5;33.2;31.0;30.2;23.7;23.1;29.5;53.5;37.9;21.5;7.8;16.4;19.8;30.5;21.6;36.5;27.9;21.7;20.5;29.1;27.5;17.9;2.5;22.8;13.6;14.7;7.3;24.4;23.4;29.0;27.6;27.6;32.9;24.3;32.3;25.8;2.3;47.7;14.0;35.8;23.2;24.3
12/07/2018 06:35:00;31.7;26.4;20.6;20.3;24.2;20.6;21.5;33.9;31.6;30.2;24.1;23.5;30.3;53.9;38.3;22.1;7.8;16.8;20.2;30.8;22.1;37.4;28.9;22.5;21.0;30.9;29.4;18.2;2.6;23.7;14.3;14.8;7.5;25.1;24.1;29.9;28.4;28.2;33.2;25.4;32.9;26.2;2.3;48.2;14.4;36.4;23.6;24.7
12/07/2018 06:40:00;32.7;27.1;20.9;20.7;25.3;21.3;22.4;34.4;32.2;30.2;24.5;23.8;30.7;54.3;38.6;22.6;7.8;17.1;20.6;31.0;22.3;38.0;29.7;23.2;21.7;31.5;30.3;18.8;2.7;25.4;15.8;15.1;7.6;26.0;25.0;30.7;29.5;28.9;33.5;26.3;33.4;26.6;2.3;48.6;14.6;36.7;24.2;25.2
12/07/2018 06:45:00;33.5;27.9;21.4;21.1;26.0;22.5;23.0;34.8;32.8;30.2;24.7;24.2;31.0;54.7;38.9;23.0;7.8;17.5;21.0;31.2;22.5;38.5;30.1;24.0;22.6;32.3;31.1;20.2;2.8;26.6;17.8;15.5;7.7;26.6;26.6;31.8;31.4;29.5;33.7;26.7;33.7;27.1;2.3;48.9;14.7;37.0;24.6;25.5
12/07/2018 06:50:00;33.9;28.4;21.8;21.6;26.4;23.1;24.2;35.2;33.4;30.2;25.1;24.5;31.2;54.9;39.1;23.4;7.8;17.7;21.4;31.4;22.7;38.8;30.4;24.7;23.3;33.0;32.5;21.3;2.9;27.6;19.0;16.2;7.8;27.2;27.9;33.0;32.8;30.0;34.0;27.0;34.0;27.4;2.3;49.2;14.9;37.2;24.9;25.7
12/07/2018 06:55:00;34.2;28.8;22.2;21.9;26.8;23.7;24.9;35.6;33.9;30.2;25.4;24.8;31.4;55.2;39.3;23.6;7.8;17.9;21.6;31.6;22.9;39.1;30.6;25.3;23.7;34.1;33.6;22.6;3.0;28.8;20.0;17.3;7.8;27.6;28.6;33.7;33.5;30.6;34.2;27.2;34.4;27.8;2.3;49.5;15.0;37.5;25.1;26.0
12/07/2018 07:00:00;34.7;29.1;22.6;22.3;27.1;24.2;25.6;35.9;34.4;30.2;25.7;25.0;31.6;55.4;39.4;23.8;7.8;18.1;21.8;32.0;23.1;39.7;30.8;25.8;23.9;34.6;34.1;24.8;3.1;31.0;21.4;18.7;8.0;27.9;28.9;34.2;34.0;31.0;34.3;27.5;34.7;28.0;2.3;49.8;15.2;38.0;25.4;26.5
12/07/2018 07:05:00;35.1;29.6;22.9;22.6;27.4;24.5;25.9;36.2;34.9;30.2;25.8;25.2;31.7;55.5;39.6;24.0;7.8;18.5;22.2;32.3;23.5;40.0;31.1;26.1;24.1;35.0;34.5;26.8;3.2;32.6;23.2;20.5;8.1;28.3;29.3;34.6;34.4;31.5;34.5;28.0;35.1;28.4;2.3;50.2;15.4;39.1;26.0;26.9
12/07/2018 07:10:00;35.5;30.1;23.2;22.9;27.7;24.8;26.3;36.4;35.4;30.2;26.1;25.5;31.8;55.8;40.0;24.1;7.8;18.8;22.6;32.7;23.8;40.3;31.6;26.5;24.3;35.3;34.9;27.9;3.4;33.6;24.2;22.2;8.2;28.7;29.8;35.0;34.9;31.9;34.8;28.6;35.8;29.0;2.3;50.5;15.5;40.5;26.3;27.3
12/07/2018 07:15:00;35.8;30.5;23.4;23.0;27.9;25.1;26.9;36.8;35.7;30.2;26.4;25.8;32.2;56.2;40.3;24.3;7.9;19.0;23.0;33.2;24.2;40.8;32.0;26.8;24.6;35.5;35.2;28.5;3.8;34.2;25.7;25.3;8.3;29.1;30.6;35.4;35.9;32.3;35.1;29.1;37.0;29.6;2.3;51.5;15.7;41.8;26.7;28.0
12/07/2018 07:20:00;36.0;30.8;23.6;23.2;28.2;25.4;27.2;37.3;36.1;30.2;26.6;26.1;32.5;56.6;40.7;24.7;7.9;19.3;23.5;33.5;24.6;41.6;32.5;27.2;24.8;35.9;35.8;28.8;4.2;34.8;26.7;27.7;8.3;29.5;31.7;36.2;36.9;32.7;35.7;29.7;37.8;30.4;2.3;52.7;16.6;42.3;27.0;28.3
12/07/2018 07:25:00;36.3;31.1;23.7;23.4;28.6;25.8;27.7;37.6;36.4;30.2;26.7;26.5;32.9;57.0;41.1;25.0;7.9;19.8;23.9;34.0;24.9;42.4;33.4;27.6;25.1;36.5;36.4;29.3;5.0;35.4;27.1;29.4;8.5;30.8;32.3;37.0;37.6;33.2;36.1;31.3;38.7;30.8;2.3;52.9;17.0;42.4;27.2;28.7
12/07/2018 07:30:00;36.6;31.5;24.0;23.8;29.0;26.3;28.2;37.9;36.7;30.2;27.0;26.7;33.3;57.5;41.4;25.4;8.0;20.4;24.1;34.5;25.2;43.2;34.0;28.2;25.5;37.1;37.0;30.1;6.2;36.2;27.5;30.4;8.7;32.0;32.6;38.0;38.0;33.6;36.3;31.8;39.4;31.0;2.3;53.0;17.1;42.5;27.8;29.0
12/07/2018 07:35:00;36.8;31.7;24.3;24.1;29.7;27.2;29.0;38.0;37.0;30.2;27.3;27.0;33.6;58.2;41.8;25.7;8.1;20.9;24.5;35.0;25.7;44.4;34.2;28.9;26.1;38.2;37.8;30.9;7.6;36.7;27.7;31.5;8.8;32.2;32.6;38.6;38.1;34.0;36.4;32.0;39.5;31.2;2.3;53.1;17.1;42.6;28.0;29.3
12/07/2018 07:40:00;37.0;31.9;24.6;24.4;30.2;27.7;29.8;38.2;37.3;30.2;27.5;27.4;33.9;58.8;42.2;26.0;8.1;23.1;25.0;36.1;26.0;45.8;34.4;29.5;26.8;39.0;38.2;31.4;9.0;36.8;27.8;32.8;8.9;32.3;32.7;38.8;38.2;34.4;36.6;32.1;39.6;31.4;2.3;53.1;17.1;42.7;28.2;29.7
12/07/2018 07:45:00;37.3;32.1;24.9;24.7;30.9;27.9;30.0;38.8;37.6;30.2;27.6;28.3;34.3;59.3;42.6;26.3;8.1;24.7;25.5;36.8;26.9;46.3;34.5;30.1;27.2;39.1;38.2;31.6;10.4;36.9;28.0;33.7;9.0;32.3;32.7;38.8;38.2;34.8;36.7;32.1;39.8;31.5;2.3;53.2;17.2;42.8;28.3;30.2
12/07/2018 07:50:00;37.5;32.3;25.2;25.0;31.3;28.6;30.2;39.9;37.8;30.2;28.3;28.9;34.6;59.9;43.0;26.8;8.1;26.1;26.0;37.9;27.4;46.4;34.6;30.4;27.4;39.2;38.2;31.8;11.9;36.9;28.1;35.2;9.2;32.4;32.7;38.9;38.2;35.0;36.7;32.2;39.9;31.6;2.3;53.2;17.2;42.9;28.6;30.6
12/07/2018 07:55:00;37.7;32.6;25.4;25.4;32.1;28.9;30.4;41.3;38.1;30.2;29.2;29.4;35.0;60.8;43.4;27.1;8.1;27.9;26.6;39.6;28.2;46.6;34.6;30.4;27.4;39.2;38.3;31.8;13.4;37.0;28.1;36.6;9.3;32.4;32.7;38.9;38.3;35.0;36.8;32.2;39.9;31.8;2.3;53.3;17.2;43.2;28.8;31.1
12/07/2018 08:00:00;37.9;33.1;25.8;25.8;32.5;29.0;30.7;41.9;38.7;30.2;30.0;29.9;35.5;61.7;43.9;27.6;8.1;30.1;26.9;40.1;29.2;46.6;34.6;30.4;27.5;39.2;38.4;31.8;15.1;37.0;28.1;36.7;9.4;32.4;32.7;39.0;38.3;35.1;36.9;32.2;40.0;31.9;2.3;53.4;17.2;43.3;28.9;31.4
12/07/2018 08:05:00;38.7;34.1;26.0;26.1;33.5;29.1;30.8;42.1;39.3;30.2;32.0;30.1;36.4;62.5;44.3;28.2;8.1;30.8;27.7;42.4;29.7;46.7;34.7;30.5;27.5;39.3;38.4;31.8;16.7;37.0;28.2;36.8;9.6;32.5;32.7;39.0;38.3;35.2;37.0;32.3;40.1;32.0;2.3;53.4;17.2;43.4;29.1;31.7
12/07/2018 08:10:00;39.4;35.6;26.3;26.7;33.8;29.1;30.9;42.2;39.9;30.2;34.4;30.5;36.9;63.5;44.6;28.8;8.1;31.2;27.9;47.8;32.0;46.8;34.7;30.5;27.6;39.3;38.4;31.8;18.2;37.0;28.2;36.8;9.7;32.5;32.8;39.0;38.3;35.3;37.0;32.3;40.3;32.1;2.3;53.4;17.2;43.7;29.2;31.8
12/07/2018 08:15:00;40.1;37.4;26.7;27.3;33.8;29.2;30.9;42.3;40.6;30.2;34.9;30.6;37.9;65.7;46.0;29.3;8.1;31.6;28.0;49.7;35.9;46.9;34.8;30.6;27.7;39.3;38.4;31.8;19.6;37.0;28.2;36.8;9.8;32.5;32.8;39.0;38.3;35.3;37.0;32.3;40.9;32.2;2.3;53.5;17.2;43.8;29.3;32.3
12/07/2018 08:20:00;41.1;39.5;27.1;27.7;33.9;29.3;31.0;42.4;41.4;30.2;35.2;30.7;40.3;69.7;48.3;30.7;8.1;32.6;28.4;50.0;39.5;47.1;34.8;30.6;27.7;39.3;38.4;31.8;21.0;37.0;28.2;36.8;10.0;32.5;32.8;39.0;38.3;35.4;37.1;32.4;41.2;32.3;2.3;53.5;17.2;43.8;29.5;32.9
12/07/2018 08:25:00;41.8;40.9;27.3;28.3;34.0;29.3;31.0;42.4;42.3;30.2;35.4;30.9;44.4;71.5;53.5;33.2;8.2;33.4;28.8;50.1;42.2;47.2;34.8;30.6;27.7;39.3;38.4;31.8;22.4;37.0;28.2;36.8;10.2;32.5;32.8;39.0;38.3;35.6;37.1;32.4;41.2;32.3;2.3;53.5;17.2;43.9;29.9;34.0
12/07/2018 08:30:00;42.0;41.4;27.8;29.2;34.0;29.4;31.1;42.4;43.1;30.2;35.8;31.2;46.2;71.6;57.9;35.9;8.3;33.8;29.4;50.1;42.9;47.2;34.8;30.6;27.7;39.3;38.4;31.8;23.7;37.1;28.2;36.8;10.3;32.5;32.8;39.0;38.3;35.6;37.1;32.4;41.2;32.3;2.3;53.5;17.2;43.9;30.5;35.4
12/07/2018 08:35:00;42.1;41.6;28.5;32.6;34.0;29.4;31.1;42.5;43.9;30.2;36.6;31.6;46.6;71.9;58.1;37.8;8.3;34.2;30.2;50.2;43.0;47.2;34.8;30.6;27.7;39.3;38.4;31.8;24.9;37.1;28.2;36.8;10.4;32.5;32.8;39.0;38.3;35.6;37.1;32.4;41.2;32.4;2.3;53.5;17.2;43.9;31.4;35.6
12/07/2018 08:40:00;42.2;41.6;29.4;36.4;34.0;29.5;31.1;42.7;44.7;30.2;37.6;32.1;46.8;72.1;58.4;38.5;8.3;34.2;30.7;50.2;43.0;47.3;34.8;30.6;27.7;39.3;38.4;31.8;26.0;37.1;28.2;36.8;10.6;32.5;32.8;39.0;38.4;35.6;37.2;32.4;41.2;32.9;2.3;53.5;17.2;44.1;31.4;35.6
12/07/2018 08:45:00;42.4;41.6;30.6;36.8;34.0;29.5;31.1;43.1;45.4;30.2;39.1;32.3;47.1;72.1;58.4;38.8;8.3;34.2;30.8;50.2;43.0;47.3;34.8;30.6;27.7;39.3;38.4;31.8;27.0;37.1;28.2;36.8;10.7;32.5;32.8;39.1;38.4;35.6;37.4;32.4;41.2;33.1;2.3;53.5;17.2;44.1;31.5;35.6
12/07/2018 08:50:00;43.1;41.7;32.0;36.9;34.0;29.6;31.1;43.5;46.2;30.2;40.3;32.4;47.1;72.1;58.4;39.0;8.3;34.2;30.8;50.2;43.0;47.3;34.8;30.6;27.7;39.3;38.4;31.8;28.0;37.1;28.2;36.8;10.8;32.5;32.8;39.1;38.4;35.6;37.4;32.4;41.3;33.1;2.3;53.5;17.2;44.2;31.5;35.6
12/07/2018 08:55:00;44.1;41.9;33.1;37.0;34.0;29.6;31.1;43.6;46.9;30.2;40.3;32.4;47.2;72.1;58.4;39.0;8.3;34.3;30.8;50.3;43.0;47.3;34.8;30.6;27.7;39.3;38.4;31.8;28.9;37.1;28.2;36.8;11.0;32.5;32.8;39.1;38.4;35.6;37.5;32.4;41.3;33.1;2.3;53.6;17.2;44.3;31.5;35.7
12/07/2018 09:00:00;45.4;42.3;34.2;37.2;34.0;29.6;31.1;43.6;47.6;30.2;40.3;32.4;47.2;72.2;58.4;39.1;8.3;34.3;30.9;50.3;43.1;47.3;34.8;30.6;27.7;39.3;38.4;31.8;30.0;37.1;28.2;36.8;11.2;32.5;32.8;39.1;38.4;35.6;37.5;32.4;41.3;33.1;2.3;54.2;17.3;44.6;31.5;35.9
12/07/2018 09:05:00;45.5;42.5;35.1;37.2;34.0;29.6;31.1;43.6;48.5;30.2;40.4;32.4;47.2;72.3;58.4;39.1;8.3;34.5;31.0;50.3;43.1;47.3;34.8;30.6;27.7;39.3;38.4;31.8;31.0;37.1;28.2;36.8;11.3;32.6;32.8;39.1;38.4;35.6;37.5;32.6;41.6;33.3;2.3;55.0;17.3;44.8;31.8;36.1
12/07/2018 09:10:00;45.5;42.5;36.0;37.3;34.0;29.6;31.1;43.7;49.5;30.2;40.4;32.5;47.3;72.4;58.4;39.1;8.3;34.7;31.1;50.4;43.1;47.4;35.1;30.7;27.7;39.3;38.4;31.8;31.9;37.1;28.2;36.8;11.4;32.9;32.9;39.1;38.4;35.8;37.7;33.1;42.5;33.7;2.3;55.6;17.3;45.4;32.1;36.4
12/07/2018 09:15:00;45.7;42.5;36.8;37.3;34.0;29.6;31.1;44.2;50.4;30.2;40.5;32.8;47.4;72.6;58.5;39.2;8.3;35.1;31.4;50.4;43.1;48.4;35.4;31.0;28.0;39.3;38.4;31.8;32.7;37.1;28.2;36.8;11.6;33.0;32.9;39.1;38.4;36.0;38.0;33.3;43.9;34.0;2.3;56.1;17.4;46.0;32.3;36.7
12/07/2018 09:20:00;45.7;42.9;37.5;37.3;34.2;29.6;31.2;44.7;51.4;30.2;40.6;33.2;47.5;72.8;58.5;39.3;8.3;35.6;31.6;50.5;43.2;49.4;35.6;31.1;28.3;39.4;38.4;31.8;33.0;37.1;28.2;36.8;11.8;33.0;32.9;39.1;38.4;36.4;38.1;33.5;44.9;34.1;2.3;57.3;17.4;46.2;32.7;37.1
12/07/2018 09:25:00;45.8;43.5;38.2;37.4;34.7;29.7;31.4;45.0;52.3;30.2;41.0;33.5;47.6;73.0;58.5;39.4;8.3;36.1;31.9;50.8;43.2;49.8;35.8;31.1;28.4;39.4;38.4;31.8;33.0;37.1;28.2;36.8;11.9;33.1;32.9;39.1;38.4;36.8;38.3;33.7;45.8;34.4;2.3;57.9;17.6;46.4;32.9;37.2
12/07/2018 09:30:00;45.9;43.7;38.8;37.5;35.0;30.1;31.5;45.3;53.1;30.2;41.4;33.7;47.7;73.2;58.5;39.6;8.3;36.5;32.2;51.2;43.4;50.2;36.1;31.1;28.4;39.4;38.5;31.8;33.0;37.1;28.2;36.8;12.1;33.1;33.1;39.1;38.5;37.3;38.5;35.0;46.7;34.6;2.3;59.2;17.9;46.6;33.0;37.3
12/07/2018 09:35:00;46.2;44.0;39.4;37.6;35.1;32.5;31.5;45.5;53.8;30.2;41.8;33.9;47.8;73.5;58.6;39.7;8.3;36.8;32.3;51.7;43.6;51.2;37.5;31.3;28.5;39.4;38.5;31.8;33.0;37.1;28.2;36.8;12.2;33.4;33.1;39.2;38.7;37.9;38.6;37.5;47.1;34.7;2.3;60.1;18.5;46.8;33.1;37.4
12/07/2018 09:40:00;46.5;44.3;39.9;37.7;35.2;34.8;31.5;45.8;54.5;30.2;42.0;33.9;48.0;73.9;58.7;39.7;8.3;37.0;32.4;51.9;44.0;51.7;39.7;31.6;29.1;39.4;38.5;31.8;33.0;37.1;28.2;36.8;12.3;34.3;33.3;39.4;38.9;38.4;38.7;41.3;47.8;34.8;2.3;61.0;18.9;47.2;33.1;37.6
12/07/2018 09:45:00;46.8;44.5;40.3;37.9;35.5;35.5;31.9;45.9;55.0;30.2;42.2;34.0;48.2;74.2;59.0;39.8;8.3;37.1;32.4;51.9;44.2;52.1;42.3;32.1;29.9;39.5;38.7;31.8;33.0;37.1;28.2;36.8;12.5;35.9;34.7;39.6;39.1;39.0;38.8;42.8;48.3;35.0;2.3;61.7;19.1;47.5;33.2;37.7
12/07/2018 09:50:00;47.0;44.7;40.7;38.2;35.8;36.1;33.3;46.0;55.5;30.2;42.3;34.0;48.5;74.4;59.2;40.1;8.3;37.2;32.5;51.9;44.3;52.6;43.1;32.7;30.9;39.7;39.3;31.8;33.0;37.1;28.2;36.8;12.7;37.1;37.4;41.4;39.3;39.5;39.0;43.3;48.7;35.3;2.3;62.5;19.4;47.7;33.4;38.0
12/07/2018 09:55:00;47.2;45.0;41.1;38.5;35.9;36.5;34.2;46.2;55.9;30.2;42.3;34.2;48.7;74.5;59.3;40.4;8.3;37.3;32.7;51.9;44.3;53.0;43.5;33.4;32.1;41.0;41.4;31.8;33.0;37.1;28.2;36.8;12.8;38.3;38.3;43.8;40.3;40.1;39.3;43.7;49.3;35.7;2.3;63.4;19.7;48.0;33.8;38.4
12/07/2018 10:00:00;47.3;45.2;41.4;38.7;36.1;36.8;35.0;46.5;56.1;30.2;42.4;34.5;48.8;74.6;59.4;40.6;8.3;37.5;33.1;52.0;44.3;53.6;43.9;34.0;33.2;43.0;43.8;31.8;33.0;37.1;28.4;36.8;12.9;39.4;42.7;47.7;44.3;40.6;39.6;44.0;49.5;36.0;2.3;63.9;20.0;48.4;34.1;38.7
12/07/2018 10:05:00;47.3;45.3;41.6;38.9;36.4;37.0;35.5;46.9;56.1;30.2;42.6;34.8;48.8;74.7;59.4;40.6;8.3;37.6;33.4;52.0;44.3;54.0;44.4;34.6;34.3;45.2;47.1;31.8;33.0;37.1;28.4;36.8;13.0;40.7;47.2;53.6;49.3;41.2;39.8;44.6;49.7;36.2;2.4;64.3;20.2;49.1;34.3;39.0
12/07/2018 10:10:00;47.4;45.6;41.8;38.9;36.7;37.3;36.1;47.3;56.3;30.2;42.8;35.0;48.9;74.7;59.4;40.7;8.3;38.0;33.7;52.1;44.4;54.2;45.0;35.3;35.4;48.1;51.7;32.0;33.0;37.2;28.4;36.9;13.2;41.5;49.9;59.3;53.0;41.7;39.9;44.9;49.9;36.5;2.4;64.6;20.4;50.2;34.7;39.6
12/07/2018 10:15:00;47.6;45.8;42.0;39.0;37.1;37.6;36.5;47.6;56.6;30.2;43.2;35.2;49.0;74.8;59.5;40.8;8.3;38.4;34.1;52.1;44.5;54.2;45.2;35.9;36.5;51.9;57.5;32.0;33.0;37.2;28.5;36.9;13.3;44.6;50.7;64.1;54.8;42.1;40.1;45.1;50.4;36.8;2.4;64.8;21.8;50.8;35.4;40.0
12/07/2018 10:20:00;48.2;46.2;42.0;39.0;37.3;37.9;36.9;47.8;57.0;30.2;43.4;35.8;49.0;75.0;59.5;40.8;8.3;38.9;34.9;52.2;44.5;54.4;45.5;36.6;37.6;57.5;61.5;32.0;33.1;37.2;28.5;37.0;13.4;48.3;51.1;67.1;55.6;42.6;40.3;46.0;51.1;37.2;2.4;65.2;23.0;51.0;35.9;40.3
12/07/2018 10:25:00;48.6;46.6;42.0;39.1;37.4;38.2;37.3;48.2;57.3;30.2;43.7;36.3;49.2;75.4;59.5;40.9;8.3;39.1;35.5;52.2;44.5;54.7;47.0;37.5;39.2;60.9;63.6;32.1;33.2;37.4;28.6;37.3;13.6;49.9;51.6;68.5;56.2;43.0;40.5;48.1;52.2;37.7;2.4;66.9;23.4;51.0;36.3;40.5
12/07/2018 10:30:00;48.8;46.8;42.1;39.3;37.6;38.5;38.0;48.5;57.5;30.2;44.2;36.9;49.4;75.6;59.6;41.0;8.3;39.3;35.9;52.2;44.6;55.5;49.8;38.4;40.9;61.9;64.1;32.1;33.4;37.5;28.6;37.5;13.8;53.5;52.4;69.1;57.4;43.4;40.7;49.1;52.8;38.2;2.4;67.6;24.0;51.0;36.5;40.5
12/07/2018 10:35:00;48.9;46.8;42.3;39.4;37.9;38.9;39.7;48.9;57.8;30.2;44.5;37.3;49.5;75.7;59.6;41.2;8.3;39.3;36.1;52.2;44.6;56.4;51.3;39.3;42.7;62.3;64.8;32.2;33.7;37.6;28.6;37.5;13.8;55.4;53.0;70.2;58.0;43.9;41.0;49.9;53.0;38.5;2.4;67.7;24.4;51.1;36.6;40.5
12/07/2018 10:40:00;49.3;46.9;42.4;39.5;38.1;39.3;46.0;49.4;58.0;30.2;44.7;37.5;49.6;75.8;59.6;41.5;8.3;39.4;36.2;52.2;44.6;56.8;52.3;40.3;44.6;63.1;65.6;32.3;33.9;37.7;28.7;37.6;14.0;55.8;53.1;70.6;58.1;44.4;41.1;50.5;53.1;38.6;2.4;67.7;24.4;51.1;36.6;40.5
12/07/2018 10:45:00;49.8;47.0;42.5;39.9;38.4;40.3;51.5;49.6;58.3;30.2;44.8;37.7;49.7;75.9;59.6;41.5;8.3;39.4;36.2;52.2;44.6;56.9;52.6;41.2;46.6;63.4;65.8;32.4;34.0;37.8;28.7;37.7;14.2;55.8;53.2;70.7;58.2;44.8;41.1;50.5;53.1;38.6;2.4;67.8;24.5;51.1;36.6;40.5
12/07/2018 10:50:00;50.4;47.4;42.7;40.4;38.7;42.1;55.5;49.8;58.5;30.2;44.8;37.7;49.7;75.9;59.6;41.6;8.3;39.4;36.2;52.2;44.6;57.1;52.7;42.2;48.4;63.4;65.9;32.5;34.0;38.1;28.8;37.8;14.3;55.8;53.2;70.8;58.3;45.2;41.2;50.6;53.1;38.6;2.4;67.8;24.5;51.1;36.6;40.5
12/07/2018 10:55:00;50.9;47.9;42.9;40.5;38.8;43.2;58.3;50.0;58.7;30.2;44.9;37.8;49.7;75.9;59.6;41.6;8.3;39.4;36.2;52.2;44.6;57.1;52.8;43.1;50.2;63.4;65.9;32.7;34.1;38.4;28.9;38.1;14.4;56.0;53.3;70.8;58.3;45.6;41.2;50.6;53.2;38.6;2.4;68.0;24.5;51.1;36.6;40.6
12/07/2018 11:00:00;51.2;48.2;43.1;40.6;38.8;43.3;59.7;50.0;58.9;30.2;44.9;37.8;49.7;75.9;59.6;41.6;8.3;39.4;36.2;52.2;44.6;57.1;52.8;44.0;51.9;63.5;65.9;32.8;34.3;38.7;29.0;38.4;14.5;56.0;53.3;70.8;58.3;45.9;41.2;50.6;53.5;38.6;2.4;68.6;24.6;51.2;36.6;40.6
12/07/2018 11:05:00;51.3;48.4;43.3;40.6;38.9;43.4;59.8;50.0;59.1;30.2;44.9;37.8;49.7;75.9;59.6;41.6;8.3;39.4;36.2;52.3;44.6;57.3;52.8;44.9;53.5;63.5;66.0;32.9;34.4;38.8;29.0;38.8;14.7;56.0;53.3;70.9;58.4;46.1;41.2;50.8;53.7;38.6;2.4;68.7;24.8;51.2;36.6;40.6
12/07/2018 11:10:00;51.4;48.5;43.4;40.6;38.9;43.4;59.9;50.0;59.3;30.2;44.9;37.8;49.7;75.9;59.6;41.6;8.3;39.4;36.2;52.3;44.6;57.4;53.3;45.8;54.9;63.6;66.0;32.9;34.6;38.8;29.0;38.9;14.8;56.2;53.5;70.9;58.7;46.3;41.2;51.5;53.7;38.6;2.4;68.8;24.9;51.2;36.6;40.6
12/07/2018 11:15:00;51.4;48.5;43.4;40.6;38.9;43.4;59.9;50.0;59.4;30.2;44.9;37.8;49.7;75.9;59.6;41.6;8.3;39.4;36.2;52.3;44.6;57.4;54.1;46.6;56.3;63.6;66.0;32.9;34.9;38.8;29.1;38.9;14.9;56.7;53.8;71.0;59.4;46.4;41.2;51.7;53.7;38.6;2.4;68.8;24.9;51.2;36.6;40.6
12/07/2018 11:20:00;51.4;48.5;43.4;40.6;38.9;43.6;59.9;50.0;59.5;30.2;44.9;37.8;49.7;75.9;59.6;41.6;8.3;39.4;36.2;52.3;44.6;57.4;54.2;47.5;57.6;63.6;66.1;33.0;34.9;38.9;29.4;39.0;15.0;56.9;54.1;71.4;59.8;46.4;41.2;51.7;53.7;38.6;2.4;68.9;24.9;51.2;36.6;40.6
12/07/2018 11:25:00;51.4;48.5;43.4;40.6;38.9;43.8;60.2;50.0;59.5;30.2;44.9;37.8;49.7;75.9;59.6;41.6;8.3;39.4;36.2;52.3;44.6;57.4;54.2;48.3;58.9;63.7;66.3;33.2;35.0;39.5;30.1;39.1;15.2;57.0;54.1;71.7;59.9;46.4;41.2;51.8;53.7;38.6;2.4;68.9;24.9;51.2;36.6;40.6
12/07/2018 11:30:00;51.4;48.5;43.4;40.6;38.9;44.0;60.6;50.0;59.5;30.2;44.9;37.8;49.7;75.9;59.6;41.6;8.3;39.4;36.2;52.3;44.6;57.4;54.3;49.2;60.1;63.8;66.5;33.7;35.1;40.2;31.0;39.5;15.3;57.0;54.3;71.9;60.1;46.5;41.2;51.9;53.7;38.6;2.4;69.1;24.9;51.2;36.6;40.6
12/07/2018 11:35:00;51.4;48.5;43.4;40.6;38.9;44.0;60.7;50.0;59.5;30.2;44.9;37.8;49.7;75.9;59.6;41.6;8.3;39.4;36.2;52.3;44.6;57.4;54.3;50.0;61.2;64.0;66.6;34.1;35.3;40.3;31.2;41.1;15.4;57.1;54.5;72.0;60.3;46.5;41.2;51.9;53.7;38.6;2.4;69.1;25.0;51.2;36.6;40.6
12/07/2018 11:40:00;51.4;48.5;43.4;40.6;38.9;44.0;60.8;50.0;59.5;30.2;44.9;37.8;49.7;75.9;59.6;41.6;8.3;39.4;36.2;52.3;44.7;57.4;54.4;50.8;62.2;64.0;66.7;34.3;35.8;40.3;31.3;42.5;15.6;57.2;54.8;72.2;60.8;46.5;41.2;51.9;53.7;38.6;2.4;69.3;25.0;51.4;36.6;40.6
12/07/2018 11:45:00;51.4;48.5;43.4;40.6;38.9;44.0;60.8;50.0;59.5;30.2;44.9;37.8;49.7;75.9;59.7;41.6;8.3;39.4;36.2;52.3;44.8;57.4;54.4;51.5;63.2;64.1;66.9;34.4;36.5;40.5;31.5;43.0;15.7;57.2;55.1;72.5;61.1;46.5;41.2;52.0;53.8;38.6;2.4;69.6;25.0;51.6;36.6;40.6
12/07/2018 11:50:00;51.4;48.5;43.4;40.6;38.9;44.0;60.8;50.0;59.5;30.2;44.9;37.8;49.8;75.9;59.8;41.6;8.3;39.4;36.2;52.4;44.8;57.4;54.4;52.3;64.1;64.3;67.2;34.5;37.3;40.6;31.6;43.1;15.8;57.3;55.5;72.9;61.5;46.6;41.2;52.0;54.0;38.6;2.4;69.9;25.1;51.7;36.7;40.6
12/07/2018 11:55:00;51.4;48.5;43.4;40.6;38.9;44.0;60.8;50.0;59.5;30.2;44.9;37.8;49.9;75.9;59.8;41.6;8.3;39.4;36.2;52.4;44.8;57.5;54.6;53.0;64.9;64.6;67.6;34.6;38.0;40.7;31.7;43.2;15.9;57.6;56.0;73.3;62.1;46.8;41.2;52.3;54.2;38.6;2.4;69.9;25.1;51.8;36.7;40.6
12/07/2018 12:00:00;51.4;48.5;43.4;40.6;38.9;44.0;60.8;50.0;59.5;30.2;44.9;37.8;49.9;75.9;59.8;41.7;8.3;39.4;36.3;52.4;44.8;57.5;54.8;53.7;65.6;64.8;67.8;34.6;38.9;40.8;31.7;43.2;16.1;57.8;56.2;73.6;62.4;47.0;41.2;52.5;54.4;38.7;2.4;70.0;25.1;51.9;36.7;40.6
12/07/2018 12:05:00;51.4;48.5;43.4;40.6;38.9;44.0;60.8;50.0;59.5;30.2;44.9;37.8;49.9;75.9;59.8;41.7;8.3;39.4;36.3;52.4;44.8;57.6;55.0;54.4;66.3;65.1;68.1;34.7;39.6;40.8;31.7;43.3;16.2;57.8;56.2;73.9;62.5;47.2;41.2;52.5;54.4;38.7;2.4;70.0;25.2;52.0;36.7;40.6
12/07/2018 12:10:00;51.4;48.5;43.4;40.6;38.9;44.1;60.9;50.0;59.5;30.2;44.9;37.8;49.9;75.9;59.8;41.7;8.3;39.4;36.3;52.4;44.8;57.6;55.1;55.1;66.7;65.5;68.4;34.7;40.3;40.8;31.7;43.3;16.3;57.8;56.3;74.1;62.5;47.2;41.2;52.6;54.5;38.7;2.4;70.1;25.2;52.0;36.7;40.6
12/07/2018 12:15:00;51.4;48.5;43.4;40.6;38.9;44.2;61.1;50.0;59.5;30.2;44.9;37.8;49.9;75.9;59.9;41.8;8.3;39.4;36.3;52.4;44.8;57.7;55.1;55.8;66.8;65.7;68.5;34.7;40.9;40.9;31.7;43.3;16.4;57.9;56.3;74.1;62.6;47.2;41.2;52.6;54.5;38.7;2.4;70.1;25.2;52.1;36.7;40.6
12/07/2018 12:20:00;51.4;48.5;43.4;40.7;38.9;44.3;61.2;50.0;59.5;30.2;44.9;37.8;49.9;75.9;59.9;41.8;8.3;39.4;36.3;52.4;44.8;57.7;55.1;56.4;66.9;65.7;68.5;34.8;41.4;40.9;31.7;43.3;16.6;57.9;56.3;74.1;62.6;47.2;41.2;52.7;54.5;38.7;2.4;70.1;25.2;52.1;36.7;40.6
12/07/2018 12:25:00;51.4;48.5;43.5;40.7;38.9;44.3;61.3;50.0;59.5;30.2;44.9;37.8;49.9;75.9;59.9;41.8;8.3;39.4;36.3;52.4;44.8;57.7;55.2;57.1;66.9;65.7;68.5;34.8;41.6;40.9;31.8;43.4;16.7;57.9;56.4;74.2;62.7;47.2;41.2;52.7;54.5;38.7;2.4;70.1;25.2;52.1;36.7;40.6
12/07/2018 12:30:00;51.4;48.5;43.5;40.7;38.9;44.3;61.3;50.0;59.5;30.2;44.9;37.8;49.9;75.9;59.9;41.8;8.3;39.4;36.3;52.4;44.8;57.7;55.2;57.7;66.9;65.7;68.5;34.8;41.6;40.9;31.9;43.5;16.8;57.9;56.5;74.2;62.8;47.2;41.2;52.7;54.6;38.7;2.4;70.1;25.2;52.1;36.7;40.6
12/07/2018 12:35:00;51.4;48.5;43.5;40.7;38.9;44.3;61.3;50.0;59.5;30.2;44.9;37.8;49.9;75.9;59.9;41.8;8.3;39.4;36.3;52.4;44.8;57.7;55.2;58.3;66.9;65.7;68.6;34.9;41.7;41.0;31.9;43.7;16.9;57.9;56.5;74.3;62.9;47.2;41.2;52.7;54.6;38.7;2.4;70.1;25.2;52.1;36.7;40.6
12/07/2018 12:40:00;51.4;48.5;43.5;40.7;38.9;44.3;61.3;50.0;59.5;30.2;44.9;37.8;49.9;75.9;59.9;41.8;8.3;39.4;36.3;52.4;44.8;57.7;55.2;58.9;66.9;65.7;68.7;34.9;42.0;41.0;32.0;43.9;17.1;57.9;56.5;74.4;62.9;47.2;41.2;52.7;54.6;38.7;2.4;70.1;25.2;52.1;36.7;40.6
12/07/2018 12:45:00;51.4;48.5;43.5;40.7;38.9;44.3;61.3;50.0;59.5;30.2;44.9;37.8;49.9;75.9;59.9;41.8;8.3;39.4;36.3;52.4;44.8;57.7;55.2;59.5;66.9;65.8;68.7;34.9;42.1;41.0;32.0;43.9;17.2;57.9;56.5;74.5;62.9;47.2;41.2;52.7;54.6;38.7;2.4;70.1;25.2;52.1;36.7;40.6
12/07/2018 12:50:00;51.4;48.5;43.5;40.7;38.9;44.3;61.3;50.0;59.5;30.2;44.9;37.8;49.9;75.9;59.9;41.8;8.3;39.4;36.3;52.4;44.8;57.7;55.2;60.0;66.9;65.8;68.7;34.9;42.1;41.0;32.0;43.9;17.3;57.9;56.5;74.5;62.9;47.2;41.2;52.7;54.6;38.7;2.4;70.1;25.2;52.1;36.7;40.6
12/07/2018 12:55:00;51.4;48.5;43.5;40.7;38.9;44.3;61.3;50.0;59.5;30.2;44.9;37.8;49.9;75.9;59.9;41.8;8.3;39.4;36.3;52.4;44.8;57.7;55.2;60.6;66.9;65.8;68.7;34.9;42.2;41.0;32.0;44.0;17.4;57.9;56.5;74.5;62.9;47.2;41.2;52.7;54.6;38.7;2.4;70.1;25.2;52.1;36.7;40.6
12/07/2018 13:00:00;51.4;48.5;43.5;40.7;38.9;44.3;61.3;50.0;59.5;30.2;44.9;37.8;49.9;75.9;59.9;41.8;8.3;39.4;36.3;52.4;44.8;57.7;55.2;61.1;66.9;65.8;68.7;34.9;42.2;41.0;32.0;44.0;17.6;57.9;56.5;74.5;62.9;47.2;41.2;52.7;54.6;38.7;2.4;70.1;25.2;52.1;36.7;40.6
12/07/2018 13:05:00;51.4;48.5;43.5;40.7;38.9;44.3;61.3;50.0;59.5;30.2;44.9;37.8;49.9;75.9;59.9;41.8;8.3;39.4;36.3;52.4;44.8;57.7;55.2;61.6;66.9;65.8;68.7;34.9;42.2;41.0;32.0;44.0;17.7;57.9;56.5;74.5;62.9;47.2;41.2;52.7;54.6;38.7;2.4;70.1;25.2;52.1;36.7;40.6
12/07/2018 13:10:00;51.4;48.5;43.5;40.7;38.9;44.3;61.3;50.0;59.5;30.2;44.9;37.8;49.9;75.9;59.9;41.8;8.3;39.4;36.3;52.4;44.8;57.7;55.2;62.1;66.9;65.8;68.7;34.9;42.2;41.0;32.0;44.0;17.8;57.9;56.5;74.5;62.9;47.3;41.2;52.7;54.6;38.7;2.4;70.1;25.2;52.1;36.7;40.6
12/07/2018 13:15:00;51.4;48.5;43.5;40.7;38.9;44.3;61.3;50.0;59.5;30.2;44.9;37.8;49.9;75.9;59.9;41.8;8.3;39.4;36.3;52.4;44.8;57.7;55.2;62.6;66.9;65.8;68.7;34.9;42.2;41.0;32.0;44.0;17.9;57.9;56.5;74.5;62.9;47.3;41.2;52.7;54.6;38.7;2.4;70.1;25.2;52.1;36.7;40.6
12/07/2018 13:20:00;51.4;48.5;43.5;40.7;38.9;44.3;61.3;50.0;59.5;30.2;44.9;37.8;49.9;75.9;59.9;41.8;8.3;39.4;36.3;52.4;44.8;57.7;55.2;63.0;66.9;65.8;68.7;34.9;42.2;41.0;32.0;44.1;18.0;57.9;56.5;74.5;62.9;47.3;41.2;52.7;54.6;38.7;2.4;70.1;25.2;52.1;36.7;40.6
12/07/2018 13:25:00;51.4;48.5;43.5;40.7;38.9;44.3;61.3;50.0;59.5;30.2;44.9;37.8;49.9;75.9;59.9;41.8;8.3;39.4;36.3;52.4;44.8;57.7;55.2;63.4;66.9;65.8;68.7;34.9;42.3;41.0;32.1;44.5;18.2;57.9;56.5;74.5;63.0;47.3;41.2;52.7;54.6;38.7;2.4;70.1;25.2;52.1;36.7;40.6
12/07/2018 13:30:00;51.4;48.5;43.5;40.7;38.9;44.3;61.3;50.0;59.5;30.2;44.9;37.8;49.9;75.9;59.9;41.8;8.3;39.4;36.3;52.4;44.8;57.7;55.2;63.8;66.9;65.8;68.7;34.9;42.5;41.1;32.2;45.1;18.3;57.9;56.5;74.5;63.0;47.3;41.2;52.7;54.6;38.7;2.4;70.1;25.2;52.1;36.7;40.6
12/07/2018 13:35:00;51.4;48.5;43.5;40.7;38.9;44.3;61.3;50.0;59.5;30.2;44.9;37.8;49.9;75.9;59.9;41.8;8.3;39.4;36.3;52.4;44.8;57.7;55.2;64.1;66.9;65.8;68.7;35.0;42.8;41.1;32.4;45.4;18.3;57.9;56.5;74.5;63.0;47.3;41.2;52.7;54.6;38.7;2.4;70.1;25.2;52.1;36.7;40.6
12/07/2018 13:40:00;51.4;48.5;43.5;40.7;38.9;44.3;61.3;50.0;59.5;30.2;44.9;37.8;49.9;75.9;59.9;41.8;8.3;39.4;36.3;52.4;44.8;57.7;55.2;64.3;66.9;65.8;68.7;35.0;43.2;41.2;32.6;45.5;18.5;57.9;56.5;74.5;63.0;47.3;41.2;52.7;54.6;38.7;2.4;70.1;25.2;52.1;36.7;40.6
12/07/2018 13:45:00;51.4;48.5;43.5;40.7;38.9;44.3;61.3;50.0;59.5;30.2;44.9;37.8;49.9;75.9;59.9;41.8;8.3;39.4;36.3;52.4;44.8;57.7;55.2;64.3;66.9;65.8;68.7;35.3;43.5;41.4;32.7;45.6;18.6;57.9;56.5;74.5;63.0;47.3;41.2;52.7;54.6;38.7;2.4;70.1;25.2;52.1;36.7;40.6
12/07/2018 13:50:00;51.4;48.5;43.5;40.7;38.9;44.3;61.3;50.0;59.5;30.2;44.9;37.8;49.9;75.9;59.9;41.8;8.3;39.4;36.3;52.4;44.8;57.7;55.2;64.3;66.9;65.8;68.7;35.6;43.5;41.5;32.8;45.7;18.7;57.9;56.5;74.5;63.0;47.3;41.2;52.7;54.6;38.7;2.4;70.1;25.2;52.1;36.7;40.6
12/07/2018 13:55:00;51.4;48.5;43.5;40.7;38.9;44.3;61.3;50.0;59.5;30.2;44.9;37.8;49.9;75.9;59.9;41.8;8.3;39.4;36.3;52.4;44.8;57.7;55.2;64.3;66.9;65.8;68.7;35.7;43.7;41.6;33.0;45.8;18.8;57.9;56.5;74.5;63.0;47.3;41.2;52.7;54.6;38.7;2.4;70.1;25.2;52.2;36.7;40.6
12/07/2018 14:00:00;51.4;48.5;43.5;40.7;38.9;44.3;61.3;50.0;59.5;30.2;44.9;37.8;49.9;75.9;59.9;41.8;8.3;39.4;36.3;52.4;44.8;57.7;55.2;64.3;66.9;65.8;68.8;35.9;43.9;41.7;33.3;46.1;18.9;57.9;56.5;74.6;63.0;47.3;41.2;52.7;54.6;38.7;2.4;70.1;25.2;52.4;36.7;40.6
12/07/2018 14:05:00;51.4;48.5;43.5;40.7;38.9;44.3;61.3;50.0;59.5;30.2;44.9;37.8;49.9;75.9;59.9;41.8;8.3;39.4;36.3;52.4;44.8;57.7;55.2;64.3;66.9;65.8;68.8;36.0;44.1;41.8;33.5;46.3;19.0;57.9;56.5;74.6;63.0;47.3;41.2;52.7;54.6;38.7;2.4;70.3;25.2;52.6;36.7;40.6
12/07/2018 14:10:00;51.4;48.5;43.5;40.7;38.9;44.3;61.3;50.0;59.5;30.2;44.9;37.8;49.9;75.9;59.9;41.8;8.3;39.4;36.3;52.4;44.8;57.7;55.2;64.3;66.9;65.8;68.8;36.1;44.3;41.9;33.8;46.4;19.2;57.9;56.5;74.6;63.0;47.3;41.2;52.7;54.7;38.7;2.4;70.5;25.2;52.7;36.7;40.6
12/07/2018 14:15:00;51.4;48.5;43.5;40.7;38.9;44.3;61.3;50.0;59.5;30.2;44.9;37.8;49.9;75.9;59.9;41.8;8.3;39.4;36.3;52.4;44.8;57.7;55.2;64.3;66.9;65.8;68.8;36.1;44.3;42.0;34.0;46.5;19.3;57.9;56.6;74.6;63.0;47.3;41.2;52.7;54.8;38.7;2.4;70.6;25.3;52.8;36.7;40.6
12/07/2018 14:20:00;51.4;48.5;43.5;40.7;38.9;44.3;61.3;50.0;59.5;30.2;44.9;37.8;49.9;75.9;59.9;41.8;8.3;39.4;36.3;52.4;44.8;57.7;55.2;64.4;66.9;65.8;68.9;36.2;44.5;42.0;34.2;46.6;19.3;58.1;56.7;74.7;63.1;47.3;41.2;52.8;54.9;38.7;2.4;70.7;25.3;52.9;36.7;40.6
12/07/2018 14:25:00;51.4;48.5;43.5;40.7;38.9;44.3;61.3;50.0;59.5;30.2;44.9;37.8;49.9;75.9;59.9;41.8;8.3;39.4;36.3;52.4;44.8;57.8;55.3;64.4;67.0;65.9;69.0;36.2;44.6;42.0;34.3;46.7;19.5;58.2;56.8;74.8;63.2;47.4;41.2;52.9;54.9;38.7;2.4;70.7;25.3;53.0;36.7;40.6
12/07/2018 14:30:00;51.4;48.5;43.5;40.7;38.9;44.3;61.3;50.0;59.5;30.2;44.9;37.8;49.9;75.9;59.9;41.8;8.3;39.4;36.3;52.4;44.8;57.8;55.4;64.5;67.0;66.1;69.1;36.2;44.7;42.2;34.4;46.7;19.6;58.2;56.8;75.0;63.3;47.4;41.2;52.9;55.0;38.7;2.4;70.7;25.3;53.1;36.7;40.6
12/07/2018 14:35:00;51.4;48.5;43.5;40.7;38.9;44.3;61.3;50.0;59.5;30.2;44.9;37.8;49.9;75.9;59.9;41.8;8.3;39.4;36.3;52.4;44.8;57.9;55.5;64.6;67.2;66.1;69.2;36.3;44.8;42.3;34.6;46.8;19.7;58.2;56.9;75.0;63.4;47.4;41.2;52.9;55.1;38.7;2.4;70.7;25.3;53.1;36.7;40.6
12/07/2018 14:40:00;51.4;48.5;43.5;40.7;38.9;44.3;61.3;50.0;59.5;30.2;44.9;37.8;49.9;75.9;59.9;41.8;8.3;39.4;36.3;52.4;44.8;57.9;55.5;64.6;67.2;66.2;69.2;36.4;44.9;42.4;34.8;46.8;19.8;58.2;56.9;75.1;63.4;47.5;41.2;53.0;55.1;38.7;2.4;70.7;25.3;53.1;36.7;40.6
12/07/2018 14:45:00;51.4;48.5;43.5;40.7;38.9;44.4;61.3;50.0;59.5;30.2;44.9;37.8;49.9;75.9;59.9;41.8;8.3;39.4;36.3;52.4;44.8;57.9;55.5;64.6;67.2;66.2;69.2;36.5;45.0;42.4;34.9;46.9;19.9;58.2;56.9;75.1;63.4;47.5;41.2;53.0;55.1;38.7;2.4;70.7;25.3;53.1;36.7;40.6
12/07/2018 14:50:00;51.4;48.5;43.5;40.7;38.9;44.4;61.3;50.0;59.5;30.2;44.9;37.8;49.9;75.9;59.9;41.8;8.3;39.4;36.3;52.4;44.8;57.9;55.5;64.6;67.2;66.2;69.2;36.6;45.2;42.4;35.0;46.9;20.0;58.2;56.9;75.1;63.5;47.5;41.2;53.0;55.1;38.7;2.4;70.7;25.3;53.1;36.7;40.6
12/07/2018 14:55:00;51.4;48.5;43.5;40.7;38.9;44.4;61.4;50.0;59.5;30.2;44.9;37.8;49.9;75.9;59.9;41.8;8.3;39.4;36.3;52.4;44.8;57.9;55.5;64.7;67.2;66.2;69.2;36.6;45.3;42.5;35.0;46.9;20.1;58.2;57.0;75.1;63.7;47.5;41.2;53.0;55.1;38.7;2.4;70.7;25.3;53.1;36.7;40.6
12/07/2018 15:00:00;51.4;48.5;43.5;40.7;38.9;44.4;61.4;50.0;59.5;30.2;44.9;37.8;49.9;75.9;59.9;41.8;8.3;39.4;36.3;52.4;44.8;57.9;55.5;64.7;67.2;66.2;69.3;36.6;45.3;42.5;35.2;47.0;20.3;58.2;57.1;75.3;63.8;47.5;41.2;53.0;55.1;38.7;2.4;70.7;25.3;53.1;36.7;40.6
12/07/2018 15:05:00;51.4;48.5;43.5;40.7;38.9;44.4;61.4;50.0;59.5;30.2;44.9;37.8;49.9;75.9;59.9;41.8;8.3;39.4;36.3;52.4;44.8;57.9;55.5;64.7;67.2;66.3;69.4;36.7;45.4;42.6;35.2;47.1;20.3;58.2;57.1;75.5;63.8;47.5;41.2;53.0;55.1;38.7;2.4;70.7;25.3;53.1;36.7;40.6
12/07/2018 15:10:00;51.4;48.5;43.5;40.7;38.9;44.4;61.4;50.0;59.5;30.2;44.9;37.8;49.9;75.9;59.9;41.8;8.3;39.4;36.3;52.4;44.8;57.9;55.5;64.7;67.2;66.3;69.5;36.8;45.6;42.7;35.3;47.2;20.4;58.2;57.1;75.5;63.8;47.5;41.2;53.0;55.1;38.7;2.4;70.7;25.3;53.1;36.7;40.6
12/07/2018 15:15:00;51.4;48.5;43.5;40.7;38.9;44.4;61.4;50.0;59.5;30.2;44.9;37.8;49.9;75.9;59.9;41.8;8.3;39.4;36.3;52.4;44.8;57.9;55.5;64.7;67.2;66.4;69.5;36.9;45.7;42.7;35.3;47.2;20.5;58.2;57.1;75.5;63.8;47.5;41.2;53.0;55.1;38.7;2.4;70.7;25.3;53.1;36.7;40.6
12/07/2018 15:20:00;51.4;48.5;43.5;40.7;38.9;44.5;61.4;50.0;59.5;30.2;44.9;37.8;49.9;75.9;59.9;41.8;8.3;39.4;36.3;52.4;44.8;57.9;55.5;64.7;67.2;66.4;69.5;36.9;45.7;42.7;35.3;47.2;20.7;58.2;57.1;75.5;63.8;47.5;41.2;53.0;55.1;38.7;2.4;70.7;25.3;53.2;36.7;40.6
12/07/2018 15:25:00;51.4;48.5;43.5;40.7;38.9;44.5;61.4;50.0;59.5;30.2;44.9;37.8;49.9;75.9;59.9;41.8;8.3;39.4;36.3;52.4;44.8;57.9;55.5;64.7;67.2;66.4;69.5;36.9;45.7;42.7;35.4;47.3;20.8;58.2;57.1;75.5;63.8;47.5;41.2;53.0;55.1;38.7;2.4;70.7;25.3;53.3;36.7;40.7
12/07/2018 15:30:00;51.4;48.5;43.5;40.7;38.9;44.5;61.4;50.0;59.5;30.2;44.9;37.8;49.9;75.9;59.9;41.8;8.3;39.4;36.3;52.4;44.8;57.9;55.5;64.7;67.2;66.4;69.5;36.9;45.7;42.7;35.5;47.3;20.8;58.2;57.1;75.5;63.9;47.5;41.2;53.0;55.1;38.7;2.4;70.8;25.3;53.6;36.8;40.9
12/07/2018 15:35:00;51.4;48.5;43.5;40.7;38.9;44.5;61.4;50.0;59.5;30.2;44.9;37.8;49.9;75.9;59.9;41.8;8.3;39.4;36.3;52.5;44.8;57.9;55.5;64.7;67.2;66.4;69.5;36.9;45.9;42.8;35.6;47.5;20.9;58.2;57.1;75.5;64.0;47.5;41.2;53.0;55.2;38.7;2.4;70.9;25.3;53.8;37.0;41.1
12/07/2018 15:40:00;51.4;48.5;43.5;40.7;38.9;44.5;61.4;50.0;59.5;30.2;44.9;37.8;49.9;75.9;59.9;41.8;8.3;39.5;36.4;52.5;44.8;57.9;55.5;64.7;67.2;66.4;69.5;37.0;46.2;42.8;35.8;47.6;21.1;58.2;57.2;75.5;64.0;47.5;41.2;53.0;55.4;38.9;2.4;71.1;25.3;54.0;37.2;41.2
12/07/2018 15:45:00;51.4;48.5;43.5;40.7;38.9;44.5;61.4;50.0;59.5;30.2;44.9;37.8;49.9;75.9;59.9;41.8;8.3;39.6;36.5;52.6;44.9;57.9;55.5;64.7;67.2;66.4;69.5;37.1;46.3;42.8;36.0;47.8;21.2;58.4;57.3;75.5;64.2;47.6;41.4;53.0;55.6;39.2;2.4;71.3;25.3;54.2;37.3;41.3
12/07/2018 15:50:00;51.4;48.5;43.5;40.7;38.9;44.5;61.4;50.0;59.5;30.2;44.9;38.0;49.9;75.9;59.9;41.8;8.3;39.6;36.5;52.6;44.9;58.1;55.7;64.7;67.2;66.4;69.5;37.1;46.4;42.9;36.4;48.0;21.3;58.5;57.6;75.6;64.7;47.7;41.6;53.2;55.7;39.3;2.4;71.5;25.3;54.3;37.4;41.4
12/07/2018 15:55:00;51.4;48.5;43.5;40.7;38.9;44.5;61.4;50.1;59.5;30.2;44.9;38.0;49.9;75.9;59.9;41.8;8.3;39.7;36.5;52.6;44.9;58.3;55.9;64.8;67.3;66.4;69.6;37.1;46.8;43.2;36.8;48.3;21.3;58.6;57.8;75.7;65.1;47.9;41.6;53.2;55.9;39.4;2.4;71.5;25.3;54.3;37.5;41.5
12/07/2018 16:00:00;51.4;48.5;43.5;40.7;38.9;44.5;61.4;50.1;59.5;30.2;44.9;38.0;49.9;75.9;59.9;41.8;8.3;39.7;36.6;52.7;44.9;58.4;56.0;64.9;67.5;66.5;69.7;37.4;47.1;43.6;37.2;48.7;21.4;58.8;58.1;76.0;65.3;47.9;41.6;53.4;55.9;39.4;2.4;71.6;25.3;54.3;37.6;41.5
12/07/2018 16:05:00;51.4;48.5;43.5;40.7;39.0;44.5;61.4;50.1;59.5;30.2;44.9;38.1;49.9;75.9;59.9;41.8;8.3;39.7;36.6;52.7;44.9;58.4;56.1;65.1;67.7;66.7;70.1;37.9;47.4;43.8;37.5;48.9;21.6;58.8;58.5;76.4;65.7;47.9;41.7;53.4;56.0;39.5;2.4;71.8;25.3;54.4;37.6;41.6
12/07/2018 16:10:00;51.4;48.5;43.5;40.7;39.0;44.7;61.4;50.2;59.5;30.2;44.9;38.1;49.9;75.9;59.9;41.8;8.3;39.7;36.6;52.7;44.9;58.4;56.1;65.3;67.8;67.0;70.2;38.2;47.8;44.0;38.0;49.1;21.7;58.9;58.7;76.7;66.0;47.9;41.7;53.5;56.0;39.6;2.4;71.9;25.3;54.4;37.7;41.6
12/07/2018 16:15:00;51.4;48.5;43.5;40.7;39.0;44.7;61.5;50.2;59.5;30.2;44.9;38.1;49.9;75.9;59.9;41.8;8.3;39.7;36.6;52.7;44.9;58.5;56.2;65.4;67.9;67.0;70.5;38.5;48.1;44.4;38.6;49.6;21.8;59.0;58.9;77.0;66.1;48.0;41.7;53.6;56.0;39.6;2.4;71.9;25.4;54.4;37.7;41.6
12/07/2018 16:20:00;51.4;48.5;43.5;40.7;39.1;44.8;61.5;50.2;59.5;30.2;44.9;38.1;49.9;75.9;59.9;41.8;8.3;39.8;36.6;52.7;45.0;58.5;56.2;65.4;68.0;67.1;70.7;39.0;48.5;44.6;38.8;50.0;21.8;59.1;58.9;77.2;66.3;48.0;41.7;53.6;56.0;39.6;2.4;71.9;25.4;54.4;37.7;41.6
12/07/2018 16:25:00;51.4;48.5;43.5;40.7;39.1;44.8;61.5;50.2;59.5;30.2;44.9;38.1;49.9;76.0;59.9;41.8;8.3;39.8;36.6;52.7;45.0;58.5;56.2;65.5;68.0;67.3;70.9;39.1;48.9;44.8;38.9;50.2;21.9;59.1;58.9;77.3;66.4;48.0;41.7;53.7;56.0;39.6;2.4;71.9;25.4;54.4;37.7;41.6
12/07/2018 16:30:00;51.4;48.5;43.5;40.7;39.1;44.8;61.5;50.2;59.5;30.2;44.9;38.1;49.9;76.0;59.9;41.8;8.3;39.8;36.7;52.7;45.0;58.5;56.2;65.6;68.1;67.4;71.0;39.2;49.3;44.8;38.9;50.3;22.0;59.1;58.9;77.4;66.4;48.0;41.7;53.7;56.0;39.6;2.4;71.9;25.4;54.4;37.7;41.6
12/07/2018 16:35:00;51.4;48.5;43.5;40.7;39.1;44.8;61.5;50.2;59.5;30.2;44.9;38.1;49.9;76.0;59.9;41.8;8.3;39.8;36.7;52.7;45.0;58.5;56.2;65.6;68.1;67.5;71.0;39.2;49.7;44.8;38.9;50.3;22.1;59.1;58.9;77.4;66.4;48.0;41.7;53.7;56.0;39.6;2.4;71.9;25.4;54.4;37.7;41.6
12/07/2018 16:40:00;51.4;48.5;43.5;40.7;39.1;44.8;61.5;50.2;59.5;30.2;44.9;38.1;49.9;76.0;59.9;41.8;8.3;39.8;36.7;52.7;45.0;58.5;56.2;65.6;68.1;67.5;71.0;39.2;50.0;44.8;38.9;50.4;22.3;59.1;58.9;77.4;66.4;48.0;41.7;53.7;56.0;39.6;2.4;71.9;25.4;54.4;37.7;41.6
12/07/2018 16:45:00;51.4;48.5;43.5;40.7;39.1;44.8;61.5;50.2;59.5;30.2;44.9;38.1;49.9;76.0;59.9;41.8;8.3;39.8;36.7;52.7;45.0;58.5;56.2;65.6;68.1;67.5;71.0;39.2;50.1;44.9;38.9;50.4;22.3;59.1;58.9;77.4;66.4;48.0;41.7;53.7;56.0;39.6;2.4;71.9;25.4;54.4;37.7;41.6
12/07/2018 16:50:00;51.4;48.5;43.5;40.7;39.1;44.8;61.5;50.2;59.5;30.2;44.9;38.1;49.9;76.0;59.9;41.8;8.3;39.8;36.7;52.7;45.0;58.5;56.2;65.6;68.1;67.5;71.0;39.2;50.1;44.9;38.9;50.5;22.4;59.1;58.9;77.4;66.4;48.0;41.7;53.7;56.0;39.6;2.4;71.9;25.4;54.4;37.7;41.6
12/07/2018 16:55:00;51.4;48.5;43.5;40.7;39.1;44.8;61.5;50.2;59.5;30.2;44.9;38.1;49.9;76.0;59.9;41.8;8.3;39.8;36.7;52.7;45.0;58.5;56.2;65.6;68.1;67.5;71.0;39.2;50.2;44.9;39.0;50.6;22.5;59.1;58.9;77.4;66.4;48.0;41.7;53.7;56.0;39.6;2.4;71.9;25.4;54.4;37.7;41.6
12/07/2018 17:00:00;51.5;48.5;43.5;40.7;39.1;44.8;61.5;50.2;59.5;30.2;44.9;38.1;49.9;76.0;59.9;41.8;8.3;39.8;36.7;52.7;45.0;58.5;56.2;65.6;68.1;67.5;71.0;39.2;50.2;44.9;39.0;50.7;22.6;59.1;58.9;77.4;66.4;48.0;41.7;53.7;56.0;39.6;2.4;71.9;25.4;54.4;37.7;41.6
12/07/2018 17:05:00;51.5;48.5;43.5;40.7;39.1;44.8;61.5;50.2;59.5;30.2;44.9;38.1;49.9;76.0;59.9;41.8;8.3;39.8;36.7;52.7;45.0;58.5;56.2;65.6;68.1;67.5;71.0;39.2;50.2;44.9;39.1;50.7;22.7;59.1;59.0;77.4;66.5;48.0;41.7;53.7;56.0;39.6;2.4;71.9;25.4;54.5;37.7;41.6
12/07/2018 17:10:00;51.5;48.5;43.5;40.7;39.1;44.8;61.5;50.2;59.5;30.2;44.9;38.1;49.9;76.0;59.9;41.8;8.3;39.8;36.7;52.7;45.0;58.5;56.3;65.6;68.1;67.5;71.0;39.3;50.2;44.9;39.3;50.8;22.8;59.1;59.0;77.4;66.6;48.0;41.7;53.7;56.0;39.6;2.4;71.9;25.4;54.5;37.7;41.6
12/07/2018 17:15:00;51.5;48.5;43.5;40.7;39.1;44.8;61.5;50.2;59.5;30.2;44.9;38.1;49.9;76.0;59.9;41.8;8.3;39.8;36.7;52.7;45.0;58.5;56.3;65.6;68.1;67.5;71.0;39.4;50.3;45.0;39.5;51.1;22.8;59.1;59.1;77.4;66.7;48.0;41.7;53.7;56.0;39.6;2.4;71.9;25.4;54.5;37.7;41.6
12/07/2018 17:20:00;51.5;48.5;43.5;40.7;39.1;44.8;61.5;50.2;59.5;30.2;44.9;38.1;49.9;76.0;59.9;41.8;8.3;39.8;36.7;52.7;45.0;58.5;56.3;65.6;68.1;67.5;71.0;39.5;50.6;45.0;39.6;51.2;22.9;59.1;59.1;77.4;66.7;48.0;41.7;53.7;56.1;39.6;2.4;71.9;25.4;54.5;37.7;41.6
12/07/2018 17:25:00;51.5;48.5;43.5;40.7;39.1;44.8;61.5;50.2;59.5;30.2;44.9;38.1;49.9;76.0;59.9;41.8;8.3;39.8;36.7;52.7;45.0;58.5;56.3;65.6;68.1;67.5;71.0;39.6;50.8;45.1;39.8;51.5;23.0;59.1;59.2;77.4;66.8;48.0;41.7;53.7;56.1;39.6;2.4;71.9;25.4;54.5;37.7;41.6
12/07/2018 17:30:00;51.5;48.5;43.5;40.7;39.1;44.8;61.5;50.2;59.5;30.2;44.9;38.1;49.9;76.0;59.9;41.8;8.3;39.8;36.7;52.7;45.0;58.5;56.3;65.7;68.1;67.5;71.0;39.6;50.9;45.1;39.8;51.5;23.1;59.2;59.2;77.4;66.9;48.0;41.7;53.7;56.1;39.6;2.4;71.9;25.4;54.6;37.7;41.6
12/07/2018 17:35:00;51.5;48.5;43.5;40.7;39.1;44.8;61.5;50.2;59.5;30.2;44.9;38.1;49.9;76.0;59.9;41.8;8.3;39.8;36.7;52.7;45.0;58.5;56.3;65.7;68.1;67.5;71.0;39.6;51.0;45.2;39.8;51.5;23.2;59.2;59.3;77.5;67.0;48.0;41.7;53.7;56.1;39.6;2.4;72.1;25.4;54.7;37.7;41.6
12/07/2018 17:40:00;51.5;48.5;43.5;40.7;39.1;44.8;61.5;50.2;59.5;30.2;44.9;38.1;49.9;76.0;59.9;41.8;8.3;39.8;36.7;52.7;45.0;58.5;56.3;65.7;68.2;67.6;71.2;39.7;51.1;45.2;40.0;51.6;23.3;59.2;59.4;77.6;67.0;48.0;41.7;53.7;56.1;39.6;2.4;72.3;25.4;55.0;37.7;41.6
12/07/2018 17:45:00;51.5;48.5;43.5;40.7;39.1;44.8;61.5;50.2;59.5;30.2;44.9;38.1;49.9;76.0;59.9;41.8;8.3;39.8;36.7;52.7;45.0;58.5;56.3;65.8;68.2;67.6;71.3;39.7;51.1;45.3;40.0;51.6;23.3;59.2;59.7;77.6;67.3;48.0;41.7;53.7;56.1;39.6;2.4;72.4;25.5;55.0;37.7;41.6
12/07/2018 17:50:00;51.5;48.5;43.5;40.7;39.1;44.8;61.5;50.2;59.5;30.2;44.9;38.1;49.9;76.0;59.9;41.8;8.3;39.8;36.7;52.7;45.0;58.5;56.3;65.8;68.3;67.6;71.3;39.8;51.2;45.5;40.1;51.7;23.4;59.3;59.8;77.8;67.6;48.0;41.7;53.7;56.3;39.6;2.4;72.5;25.5;55.0;37.7;41.6
12/07/2018 17:55:00;51.5;48.5;43.5;40.7;39.1;44.8;61.5;50.2;59.5;30.2;44.9;38.1;49.9;76.0;59.9;41.8;8.3;39.8;36.7;52.7;45.0;58.5;56.3;65.8;68.3;67.6;71.4;40.1;51.3;45.7;40.2;51.8;23.5;59.4;59.9;78.1;67.7;48.0;41.7;53.8;56.4;39.6;2.4;72.5;25.5;55.0;37.7;41.6
12/07/2018 18:00:00;51.5;48.5;43.5;40.7;39.1;44.8;61.5;50.2;59.5;30.2;44.9;38.1;49.9;76.0;59.9;41.8;8.3;39.8;36.7;52.7;45.0;58.5;56.5;65.8;68.3;67.8;71.5;40.2;51.4;45.8;40.2;51.8;23.6;59.6;59.9;78.3;67.8;48.1;41.7;54.0;56.4;39.6;2.4;72.5;25.5;55.0;37.7;41.6
12/07/2018 18:05:00;51.5;48.5;43.5;40.7;39.1;44.8;61.5;50.2;59.5;30.2;44.9;38.1;49.9;76.0;59.9;41.8;8.3;39.8;36.7;52.7;45.0;58.6;56.7;66.0;68.4;67.8;71.7;40.2;51.4;45.8;40.2;51.8;23.7;59.7;59.9;78.5;67.8;48.2;41.7;54.1;56.5;39.6;2.4;72.5;25.5;55.0;37.7;41.7
12/07/2018 18:10:00;51.5;48.5;43.5;40.7;39.1;44.8;61.5;50.2;59.5;30.2;44.9;38.1;49.9;76.0;59.9;41.8;8.3;39.8;36.8;52.7;45.0;58.6;56.8;66.1;68.6;67.9;71.8;40.3;51.4;45.8;40.2;51.8;23.8;59.7;60.0;78.5;67.9;48.2;41.7;54.1;56.6;39.6;2.4;72.5;25.5;55.0;37.8;41.8
12/07/2018 18:15:00;51.5;48.5;43.5;40.7;39.1;44.8;61.5;50.2;59.5;30.2;44.9;38.3;49.9;76.0;59.9;41.8;8.3;39.8;36.8;52.7;45.0;58.6;56.8;66.2;68.7;68.0;71.9;40.3;51.4;45.9;40.3;51.8;23.8;59.7;60.0;78.6;67.9;48.3;41.8;54.2;56.6;39.7;2.4;72.5;25.5;55.0;37.9;41.8
12/07/2018 18:20:00;51.5;48.5;43.5;40.7;39.1;44.8;61.5;50.2;59.5;30.2;44.9;38.3;49.9;76.0;59.9;41.8;8.3;39.8;36.8;52.7;45.0;58.6;56.8;66.2;68.8;68.0;71.9;40.3;51.4;45.9;40.3;51.8;23.9;59.7;60.0;78.6;67.9;48.3;41.8;54.2;56.6;39.8;2.4;72.5;25.5;55.0;37.9;41.8
12/07/2018 18:25:00;51.5;48.5;43.5;40.7;39.1;44.8;61.6;50.2;59.5;30.2;44.9;38.3;49.9;76.0;59.9;41.8;8.3;39.8;36.8;52.7;45.0;58.7;56.9;66.2;68.8;68.0;71.9;40.3;51.5;45.9;40.3;51.8;24.0;59.7;60.0;78.6;68.0;48.3;41.8;54.2;56.6;39.8;2.4;72.5;25.5;55.0;37.9;41.8
12/07/2018 18:30:00;51.5;48.5;43.5;40.7;39.1;44.8;61.6;50.2;59.5;30.2;44.9;38.3;50.0;76.0;59.9;41.8;8.3;39.8;36.8;52.7;45.0;58.7;56.9;66.2;68.8;68.0;71.9;40.3;51.5;45.9;40.3;51.8;24.1;59.7;60.0;78.6;68.0;48.3;41.8;54.2;56.6;39.8;2.4;72.5;25.5;55.0;37.9;41.8
12/07/2018 18:35:00;51.5;48.5;43.5;40.7;39.1;44.8;61.6;50.2;59.5;30.2;44.9;38.3;50.0;76.0;59.9;41.8;8.3;39.8;36.8;52.9;45.0;58.7;56.9;66.2;68.8;68.0;71.9;40.3;51.5;45.9;40.3;51.8;24.2;59.7;60.0;78.6;68.0;48.3;41.8;54.2;56.6;39.8;2.4;72.5;25.5;55.0;37.9;41.8
12/07/2018 18:40:00;51.5;48.5;43.5;40.7;39.1;44.9;61.6;50.2;59.5;30.2;44.9;38.3;50.0;76.0;59.9;41.8;8.3;39.8;36.8;52.9;45.2;58.7;56.9;66.2;68.8;68.0;71.9;40.3;51.5;45.9;40.3;51.8;24.3;59.7;60.0;78.6;68.0;48.3;41.8;54.2;56.6;39.8;2.4;72.5;25.5;55.0;37.9;41.8
12/07/2018 18:45:00;51.5;48.5;43.5;40.7;39.1;44.9;61.6;50.2;59.5;30.2;44.9;38.3;50.0;76.0;59.9;41.8;8.3;39.9;36.9;53.0;45.2;58.7;56.9;66.2;68.8;68.0;71.9;40.3;51.5;45.9;40.3;51.8;24.3;59.7;60.0;78.6;68.0;48.3;41.8;54.2;56.6;39.8;2.4;72.5;25.5;55.0;37.9;41.8
12/07/2018 18:50:00;51.5;48.5;43.5;40.7;39.1;44.9;61.7;50.2;59.5;30.2;44.9;38.3;50.0;76.0;59.9;41.8;8.3;39.9;36.9;53.0;45.2;58.7;56.9;66.2;68.8;68.0;71.9;40.3;51.5;45.9;40.3;51.8;24.4;59.7;60.0;78.6;68.0;48.3;41.8;54.2;56.6;39.8;2.4;72.5;25.5;55.0;37.9;41.8
12/07/2018 18:55:00;51.5;48.5;43.5;40.7;39.1;44.9;61.7;50.2;59.5;30.2;45.0;38.4;50.0;76.0;59.9;41.8;8.3;40.0;37.0;53.0;45.2;58.7;56.9;66.2;68.8;68.0;71.9;40.3;51.5;45.9;40.3;51.8;24.5;59.7;60.0;78.6;68.0;48.3;41.9;54.2;56.6;39.8;2.4;72.5;25.5;55.0;37.9;41.8
12/07/2018 19:00:00;51.5;48.5;43.5;40.7;39.1;44.9;61.7;50.3;59.5;30.2;45.0;38.4;50.0;76.0;59.9;41.8;8.3;40.0;37.1;53.0;45.2;58.7;56.9;66.2;68.8;68.0;71.9;40.3;51.5;45.9;40.3;51.8;24.6;59.7;60.0;78.6;68.0;48.3;41.9;54.2;56.6;39.8;2.4;72.5;25.5;55.1;37.9;41.8
12/07/2018 19:05:00;51.5;48.5;43.5;40.7;39.1;44.9;61.7;50.3;59.5;30.2;45.0;38.5;50.0;76.1;59.9;41.8;8.3;40.0;37.1;53.0;45.2;58.8;56.9;66.2;68.8;68.0;71.9;40.3;51.5;45.9;40.3;51.8;24.6;59.7;60.0;78.6;68.0;48.3;42.0;54.2;56.7;39.9;2.4;72.5;25.5;55.1;37.9;41.8
12/07/2018 19:10:00;51.5;48.5;43.5;40.7;39.1;44.9;61.7;50.4;59.5;30.2;45.0;38.5;50.0;76.1;59.9;41.8;8.3;40.0;37.1;53.0;45.2;58.9;56.9;66.2;68.8;68.0;71.9;40.3;51.5;45.9;40.3;51.8;24.8;59.7;60.0;78.6;68.0;48.3;42.0;54.2;56.7;39.9;2.4;72.5;25.6;55.1;38.0;41.9
12/07/2018 19:15:00;51.5;48.5;43.5;40.7;39.1;44.9;61.7;50.4;59.5;30.2;45.0;38.5;50.0;76.1;59.9;41.8;8.3;40.0;37.1;53.0;45.2;58.9;56.9;66.2;68.8;68.0;71.9;40.3;51.5;45.9;40.3;51.8;24.8;59.7;60.0;78.6;68.0;48.3;42.0;54.2;56.7;39.9;2.4;72.5;25.6;55.1;38.0;41.9
12/07/2018 19:20:00;51.5;48.5;43.5;40.7;39.1;45.0;61.7;50.4;59.5;30.2;45.0;38.5;50.0;76.1;59.9;41.8;8.3;40.0;37.1;53.0;45.2;58.9;56.9;66.2;68.8;68.0;71.9;40.3;51.5;45.9;40.3;51.8;24.8;59.7;60.0;78.6;68.0;48.3;42.0;54.3;56.7;39.9;2.4;72.5;25.6;55.1;38.0;41.9
12/07/2018 19:25:00;51.5;48.5;43.5;40.7;39.1;45.0;61.7;50.4;59.5;30.2;45.0;38.5;50.0;76.1;59.9;41.8;8.3;40.0;37.1;53.0;45.2;58.9;56.9;66.2;68.8;68.0;71.9;40.3;51.5;45.9;40.3;51.8;24.9;59.7;60.0;78.6;68.0;48.3;42.0;54.3;56.7;39.9;2.4;72.5;25.6;55.1;38.0;41.9
12/07/2018 19:30:00;51.5;48.5;43.5;40.7;39.1;45.0;61.7;50.4;59.5;30.2;45.0;38.5;50.0;76.1;59.9;41.8;8.3;40.0;37.2;53.0;45.2;58.9;56.9;66.3;68.8;68.0;71.9;40.3;51.5;45.9;40.3;51.8;25.0;59.7;60.0;78.6;68.0;48.3;42.0;54.3;56.7;39.9;2.4;72.5;25.6;55.1;38.0;41.9
12/07/2018 19:35:00;51.5;48.5;43.5;40.7;39.1;45.0;61.7;50.4;59.5;30.2;45.0;38.5;50.0;76.1;59.9;41.8;8.3;40.0;37.2;53.0;45.2;58.9;56.9;66.3;68.8;68.0;71.9;40.3;51.5;45.9;40.3;51.8;25.1;59.7;60.0;78.6;68.0;48.3;42.0;54.3;56.7;39.9;2.4;72.5;25.6;55.1;38.0;41.9
12/07/2018 19:40:00;51.5;48.5;43.5;40.7;39.1;45.0;61.7;50.4;59.5;30.2;45.0;38.5;50.0;76.1;59.9;41.8;8.3;40.0;37.2;53.0;45.2;58.9;56.9;66.3;68.8;68.0;71.9;40.3;51.5;45.9;40.3;51.8;25.2;59.7;60.0;78.6;68.0;48.3;42.0;54.3;56.7;39.9;2.4;72.5;25.6;55.1;38.0;41.9
12/07/2018 19:45:00;51.5;48.5;43.5;40.7;39.1;45.0;61.7;50.4;59.5;30.2;45.0;38.5;50.0;76.1;59.9;41.8;8.3;40.0;37.2;53.0;45.2;58.9;56.9;66.3;68.8;68.0;71.9;40.3;51.5;45.9;40.3;51.8;25.3;59.7;60.0;78.6;68.0;48.3;42.0;54.3;56.7;39.9;2.4;72.5;25.6;55.1;38.0;41.9
12/07/2018 19:50:00;51.5;48.5;43.5;40.7;39.1;45.0;61.7;50.4;59.5;30.2;45.0;38.5;50.0;76.1;59.9;41.8;8.3;40.0;37.2;53.0;45.2;58.9;56.9;66.3;68.8;68.0;71.9;40.3;51.5;45.9;40.3;51.8;25.3;59.7;60.0;78.6;68.0;48.3;42.0;54.3;56.7;39.9;2.4;72.5;25.6;55.1;38.0;41.9
12/07/2018 19:55:00;51.5;48.5;43.5;40.7;39.1;45.0;61.7;50.4;59.5;30.2;45.0;38.5;50.0;76.1;59.9;41.8;8.3;40.0;37.2;53.0;45.2;58.9;56.9;66.3;68.8;68.0;71.9;40.3;51.5;45.9;40.3;51.8;25.3;59.7;60.0;78.6;68.0;48.3;42.0;54.3;56.8;39.9;2.4;72.6;25.6;55.1;38.0;41.9
12/07/2018 20:00:00;51.5;48.5;43.5;40.7;39.1;45.0;61.7;50.4;59.5;30.2;45.0;38.5;50.0;76.1;59.9;41.8;8.3;40.0;37.2;53.0;45.2;58.9;56.9;66.3;68.8;68.0;71.9;40.3;51.5;45.9;40.3;51.8;25.4;59.7;60.0;78.6;68.0;48.3;42.0;54.3;56.8;39.9;2.4;72.6;25.6;55.1;38.0;41.9
12/07/2018 20:05:00;51.5;48.5;43.5;40.7;39.1;45.0;61.7;50.4;59.5;30.2;45.0;38.5;50.0;76.1;59.9;41.8;8.3;40.0;37.2;53.0;45.2;58.9;56.9;66.3;68.8;68.0;71.9;40.3;51.5;45.9;40.3;51.9;25.5;59.7;60.0;78.6;68.0;48.3;42.0;54.3;56.8;39.9;2.4;72.6;25.6;55.1;38.0;41.9
12/07/2018 20:10:00;51.5;48.5;43.5;40.7;39.1;45.0;61.7;50.4;59.5;30.2;45.0;38.5;50.0;76.1;59.9;41.8;8.3;40.0;37.2;53.0;45.2;58.9;56.9;66.3;68.8;68.0;71.9;40.3;51.5;45.9;40.3;51.9;25.6;59.7;60.0;78.6;68.0;48.3;42.0;54.3;56.8;39.9;2.4;72.6;25.6;55.1;38.0;41.9
12/07/2018 20:15:00;51.5;48.5;43.5;40.7;39.1;45.0;61.7;50.4;59.5;30.2;45.0;38.5;50.0;76.1;59.9;41.8;8.3;40.0;37.2;53.0;45.2;58.9;56.9;66.3;68.8;68.0;71.9;40.3;51.5;45.9;40.3;51.9;25.7;59.7;60.0;78.6;68.0;48.3;42.0;54.3;56.8;39.9;2.4;72.6;25.6;55.1;38.0;41.9
12/07/2018 20:20:00;51.5;48.5;43.5;40.7;39.1;45.0;61.7;50.4;59.5;30.2;45.0;38.5;50.0;76.1;59.9;41.8;8.3;40.0;37.2;53.0;45.2;58.9;56.9;66.3;68.8;68.0;71.9;40.4;51.5;46.0;40.3;51.9;25.8;59.7;60.0;78.6;68.0;48.3;42.0;54.3;56.8;39.9;2.4;72.6;25.6;55.1;38.0;41.9
12/07/2018 20:25:00;51.5;48.5;43.5;40.7;39.1;45.0;61.7;50.4;59.5;30.2;45.0;38.5;50.0;76.1;59.9;41.8;8.3;40.0;37.2;53.0;45.2;58.9;56.9;66.3;68.8;68.1;71.9;40.4;51.5;46.0;40.3;51.9;25.8;59.7;60.0;78.6;68.0;48.3;42.0;54.3;56.8;39.9;2.4;72.6;25.6;55.1;38.0;41.9
12/07/2018 20:30:00;51.5;48.5;43.5;40.7;39.1;45.0;61.7;50.4;59.5;30.2;45.0;38.5;50.0;76.1;59.9;41.8;8.3;40.0;37.2;53.0;45.2;58.9;56.9;66.3;68.8;68.1;71.9;40.4;51.5;46.0;40.4;51.9;25.8;59.7;60.0;78.6;68.0;48.3;42.0;54.3;56.8;39.9;2.4;72.6;25.6;55.1;38.0;41.9
12/07/2018 20:35:00;51.5;48.5;43.5;40.7;39.1;45.0;61.7;50.4;59.5;30.2;45.0;38.5;50.0;76.1;59.9;41.8;8.3;40.0;37.2;53.0;45.2;58.9;56.9;66.3;68.8;68.1;71.9;40.4;51.6;46.0;40.4;51.9;25.9;59.7;60.0;78.6;68.1;48.3;42.0;54.3;56.8;39.9;2.4;72.6;25.6;55.1;38.0;41.9
12/07/2018 20:40:00;51.5;48.5;43.5;40.7;39.1;45.0;61.7;50.4;59.5;30.2;45.0;38.5;50.0;76.1;59.9;41.8;8.3;40.0;37.2;53.0;45.2;58.9;56.9;66.3;68.8;68.1;71.9;40.4;51.6;46.0;40.4;51.9;26.0;59.7;60.0;78.6;68.1;48.3;42.0;54.3;56.8;39.9;2.4;72.6;25.6;55.1;38.0;41.9
12/07/2018 20:45:00;51.5;48.5;43.5;40.7;39.1;45.0;61.7;50.4;59.5;30.2;45.0;38.5;50.0;76.1;59.9;41.8;8.3;40.0;37.2;53.0;45.2;58.9;56.9;66.3;68.8;68.1;71.9;40.5;51.6;46.0;40.4;51.9;26.1;59.7;60.0;78.6;68.1;48.3;42.0;54.3;56.8;39.9;2.4;72.6;25.6;55.1;38.0;41.9
12/07/2018 20:50:00;51.5;48.5;43.5;40.7;39.1;45.0;61.7;50.4;59.5;30.2;45.0;38.5;50.0;76.1;59.9;41.8;8.3;40.0;37.2;53.0;45.2;58.9;56.9;66.3;68.8;68.1;71.9;40.5;51.6;46.0;40.4;51.9;26.1;59.7;60.0;78.6;68.1;48.3;42.0;54.3;56.8;39.9;2.4;72.6;25.6;55.1;38.0;41.9
12/07/2018 20:55:00;51.5;48.5;43.5;40.7;39.1;45.0;61.7;50.4;59.5;30.2;45.0;38.5;50.0;76.1;59.9;41.8;8.3;40.0;37.2;53.0;45.2;58.9;56.9;66.3;68.8;68.1;71.9;40.5;51.6;46.0;40.4;51.9;26.2;59.7;60.0;78.6;68.1;48.3;42.0;54.3;56.8;39.9;2.4;72.6;25.6;55.1;38.0;41.9
12/07/2018 21:00:00;51.5;48.5;43.5;40.7;39.1;45.0;61.7;50.4;59.5;30.2;45.0;38.5;50.0;76.1;59.9;41.8;8.3;40.0;37.2;53.0;45.2;58.9;56.9;66.3;68.8;68.1;71.9;40.5;51.6;46.0;40.4;51.9;26.3;59.7;60.0;78.6;68.1;48.3;42.0;54.3;56.8;39.9;2.4;72.6;25.6;55.1;38.0;41.9
12/07/2018 21:05:00;51.5;48.5;43.5;40.7;39.1;45.0;61.7;50.4;59.5;30.2;45.0;38.5;50.0;76.1;59.9;41.8;8.3;40.0;37.2;53.0;45.2;58.9;56.9;66.3;68.8;68.1;71.9;40.5;51.6;46.0;40.4;51.9;26.3;59.7;60.0;78.6;68.1;48.3;42.0;54.3;56.8;39.9;2.4;72.6;25.6;55.1;38.0;41.9
12/07/2018 21:10:00;51.5;48.5;43.5;40.7;39.1;45.0;61.7;50.4;59.5;30.2;45.0;38.5;50.0;76.1;59.9;41.8;8.3;40.0;37.2;53.0;45.2;58.9;56.9;66.3;68.8;68.1;71.9;40.5;51.6;46.0;40.4;51.9;26.3;59.7;60.0;78.7;68.1;48.3;42.0;54.3;56.8;39.9;2.4;72.6;25.6;55.1;38.0;41.9
12/07/2018 21:15:00;51.5;48.5;43.5;40.7;39.1;45.0;61.7;50.4;59.5;30.2;45.0;38.5;50.0;76.1;59.9;41.8;8.3;40.0;37.2;53.0;45.2;58.9;56.9;66.3;68.8;68.1;71.9;40.5;51.6;46.0;40.4;51.9;26.4;59.7;60.0;78.7;68.1;48.3;42.0;54.3;56.8;39.9;2.4;72.6;25.6;55.1;38.0;41.9
12/07/2018 21:20:00;51.5;48.5;43.5;40.7;39.1;45.0;61.7;50.4;59.5;30.2;45.0;38.5;50.0;76.1;59.9;41.8;8.3;40.0;37.2;53.0;45.2;58.9;56.9;66.3;68.8;68.1;71.9;40.5;51.6;46.0;40.4;51.9;26.5;59.7;60.0;78.7;68.1;48.3;42.0;54.3;56.8;39.9;2.4;72.6;25.6;55.1;38.0;41.9
12/07/2018 21:25:00;51.5;48.5;43.5;40.7;39.1;45.0;61.7;50.4;59.5;30.2;45.0;38.5;50.0;76.1;59.9;41.8;8.3;40.0;37.2;53.0;45.2;58.9;56.9;66.3;68.8;68.1;71.9;40.5;51.6;46.0;40.5;51.9;26.6;59.7;60.0;78.7;68.1;48.3;42.0;54.3;56.8;39.9;2.4;72.6;25.6;55.1;38.0;41.9
12/07/2018 21:30:00;51.5;48.5;43.5;40.7;39.1;45.0;61.7;50.4;59.5;30.2;45.0;38.5;50.0;76.1;59.9;41.8;8.3;40.0;37.2;53.0;45.2;58.9;56.9;66.3;68.8;68.1;71.9;40.5;51.6;46.0;40.5;51.9;26.6;59.7;60.0;78.7;68.1;48.3;42.0;54.3;56.8;39.9;2.4;72.6;25.6;55.1;38.0;41.9
12/07/2018 21:35:00;51.5;48.5;43.5;40.7;39.1;45.0;61.7;50.4;59.5;30.2;45.0;38.5;50.0;76.1;59.9;41.8;8.3;40.0;37.2;53.0;45.2;58.9;56.9;66.3;68.8;68.1;71.9;40.5;51.6;46.0;40.5;51.9;26.7;59.7;60.0;78.7;68.1;48.3;42.0;54.3;56.8;39.9;2.4;72.6;25.6;55.1;38.0;41.9
12/07/2018 21:40:00;51.5;48.5;43.5;40.7;39.1;45.0;61.7;50.4;59.5;30.2;45.0;38.5;50.0;76.1;59.9;41.8;8.3;40.0;37.2;53.0;45.2;58.9;56.9;66.3;68.8;68.1;71.9;40.5;51.6;46.0;40.5;51.9;26.8;59.7;60.0;78.7;68.1;48.3;42.0;54.3;56.8;39.9;2.4;72.6;25.6;55.1;38.0;41.9
12/07/2018 21:45:00;51.5;48.5;43.5;40.7;39.1;45.0;61.7;50.4;59.5;30.2;45.0;38.5;50.0;76.1;59.9;41.8;8.3;40.0;37.2;53.0;45.2;58.9;56.9;66.3;68.8;68.1;71.9;40.5;51.6;46.0;40.5;51.9;26.8;59.7;60.0;78.7;68.1;48.3;42.0;54.3;56.8;39.9;2.4;72.6;25.6;55.1;38.0;41.9
12/07/2018 21:50:00;51.5;48.5;43.5;40.7;39.1;45.0;61.7;50.4;59.5;30.2;45.0;38.5;50.0;76.1;59.9;41.8;8.3;40.0;37.2;53.0;45.2;58.9;56.9;66.3;68.8;68.1;71.9;40.5;51.6;46.0;40.5;51.9;26.8;59.7;60.0;78.7;68.1;48.3;42.0;54.3;56.8;39.9;2.4;72.6;25.6;55.1;38.0;41.9
12/07/2018 21:55:00;51.5;48.5;43.5;40.7;39.1;45.0;61.7;50.4;59.5;30.2;45.0;38.5;50.0;76.1;59.9;41.8;8.3;40.0;37.2;53.0;45.2;58.9;56.9;66.3;68.8;68.1;71.9;40.5;51.6;46.0;40.5;51.9;26.9;59.7;60.0;78.7;68.1;48.3;42.0;54.3;56.8;39.9;2.4;72.6;25.6;55.1;38.0;41.9
12/07/2018 22:00:00;51.5;48.5;43.5;40.7;39.1;45.0;61.7;50.4;59.5;30.2;45.0;38.5;50.0;76.1;59.9;41.8;8.3;40.0;37.2;53.0;45.2;58.9;56.9;66.3;68.8;68.1;71.9;40.5;51.6;46.0;40.5;51.9;27.0;59.7;60.0;78.7;68.1;48.3;42.0;54.3;56.8;39.9;2.4;72.6;25.6;55.1;38.0;41.9
12/07/2018 22:05:00;51.5;48.5;43.5;40.7;39.1;45.0;61.7;50.4;59.5;30.2;45.0;38.5;50.0;76.1;59.9;41.8;8.3;40.0;37.2;53.0;45.2;58.9;56.9;66.3;68.8;68.1;71.9;40.5;51.6;46.0;40.5;51.9;27.0;59.7;60.0;78.7;68.1;48.3;42.0;54.3;56.8;39.9;2.4;72.6;25.6;55.1;38.0;41.9
12/07/2018 22:10:00;51.5;48.5;43.5;40.7;39.2;45.0;61.7;50.4;59.5;30.2;45.0;38.5;50.0;76.1;59.9;41.8;8.3;40.0;37.2;53.0;45.2;58.9;56.9;66.3;68.8;68.1;71.9;40.5;51.6;46.0;40.5;51.9;27.1;59.7;60.0;78.7;68.1;48.3;42.0;54.3;56.8;39.9;2.4;72.6;25.6;55.1;38.0;41.9
12/07/2018 22:15:00;51.5;48.5;43.5;40.7;39.2;45.0;61.7;50.4;59.5;30.2;45.0;38.5;50.0;76.1;59.9;41.8;8.3;40.0;37.2;53.0;45.2;58.9;56.9;66.3;68.8;68.1;71.9;40.5;51.6;46.0;40.5;51.9;27.2;59.7;60.0;78.7;68.1;48.3;42.0;54.3;56.8;39.9;2.4;72.6;25.6;55.1;38.0;41.9
12/07/2018 22:20:00;51.5;48.5;43.5;40.7;39.2;45.0;61.7;50.4;59.5;30.2;45.0;38.5;50.0;76.1;59.9;41.8;8.3;40.0;37.2;53.0;45.2;58.9;56.9;66.3;68.8;68.1;71.9;40.5;51.6;46.0;40.5;51.9;27.3;59.7;60.0;78.7;68.1;48.3;42.0;54.3;56.8;39.9;2.4;72.6;25.6;55.1;38.0;41.9
12/07/2018 22:25:00;51.5;48.5;43.5;40.7;39.2;45.0;61.7;50.4;59.5;30.2;45.0;38.5;50.0;76.1;59.9;41.8;8.3;40.0;37.2;53.0;45.2;58.9;56.9;66.3;68.8;68.1;72.0;40.5;51.6;46.0;40.5;51.9;27.3;59.7;60.0;78.7;68.1;48.3;42.0;54.3;56.8;39.9;2.4;72.6;25.6;55.2;38.0;41.9
12/07/2018 22:30:00;51.5;48.5;43.5;40.7;39.2;45.0;61.7;50.4;59.5;30.2;45.0;38.5;50.0;76.1;59.9;41.8;8.3;40.0;37.2;53.0;45.2;58.9;56.9;66.3;68.8;68.1;72.0;40.5;51.6;46.0;40.5;51.9;27.3;59.7;60.0;78.7;68.1;48.3;42.0;54.3;56.8;39.9;2.4;72.7;25.6;55.2;38.0;41.9
12/07/2018 22:35:00;51.5;48.5;43.5;40.7;39.2;45.0;61.7;50.4;59.5;30.2;45.0;38.5;50.0;76.1;59.9;41.8;8.3;40.0;37.2;53.0;45.2;58.9;56.9;66.3;68.8;68.1;72.0;40.5;51.6;46.0;40.5;51.9;27.3;59.8;60.0;78.7;68.2;48.3;42.0;54.3;56.8;39.9;2.4;72.7;25.6;55.2;38.0;41.9
12/07/2018 22:40:00;51.5;48.5;43.5;40.7;39.2;45.0;61.7;50.4;59.5;30.2;45.0;38.5;50.0;76.1;59.9;41.8;8.3;40.0;37.2;53.0;45.2;58.9;56.9;66.4;68.8;68.1;72.1;40.6;51.6;46.0;40.5;51.9;27.4;59.8;60.0;78.8;68.2;48.3;42.0;54.3;56.8;39.9;2.4;72.7;25.6;55.3;38.0;41.9
12/07/2018 22:45:00;51.5;48.5;43.5;40.7;39.2;45.0;61.7;50.4;59.5;30.2;45.0;38.5;50.0;76.1;59.9;41.8;8.3;40.0;37.2;53.0;45.2;58.9;56.9;66.4;68.9;68.1;72.1;40.6;51.6;46.0;40.5;51.9;27.4;59.8;60.0;78.8;68.2;48.3;42.0;54.4;56.8;39.9;2.4;72.7;25.6;55.3;38.0;41.9
12/07/2018 22:50:00;51.5;48.5;43.5;40.7;39.2;45.0;61.7;50.4;59.5;30.2;45.0;38.5;50.0;76.1;59.9;41.8;8.3;40.0;37.2;53.0;45.2;58.9;56.9;66.5;68.9;68.2;72.1;40.6;51.6;46.1;40.5;51.9;27.5;59.8;60.0;78.8;68.2;48.3;42.0;54.4;56.8;39.9;2.4;72.7;25.6;55.3;38.0;41.9
12/07/2018 22:55:00;51.5;48.5;43.5;40.7;39.2;45.0;61.7;50.4;59.5;30.2;45.0;38.5;50.0;76.1;59.9;41.8;8.3;40.0;37.2;53.0;45.2;58.9;56.9;66.5;68.9;68.2;72.1;40.6;51.6;46.1;40.5;51.9;27.6;59.8;60.0;78.8;68.2;48.3;42.0;54.4;56.8;39.9;2.4;72.7;25.6;55.3;38.0;41.9
12/07/2018 23:00:00;51.5;48.5;43.5;40.7;39.2;45.0;61.7;50.4;59.5;30.2;45.0;38.5;50.0;76.1;59.9;41.8;8.3;40.0;37.2;53.0;45.2;58.9;56.9;66.5;68.9;68.2;72.1;40.6;51.6;46.1;40.5;51.9;27.6;59.8;60.0;78.8;68.2;48.3;42.0;54.4;56.8;39.9;2.4;72.7;25.6;55.3;38.0;41.9
12/07/2018 23:05:00;51.5;48.5;43.5;40.7;39.2;45.0;61.7;50.4;59.5;30.2;45.0;38.5;50.0;76.1;59.9;41.8;8.3;40.0;37.2;53.0;45.2;59.0;56.9;66.5;68.9;68.2;72.1;40.6;51.6;46.1;40.5;51.9;27.7;59.8;60.0;78.8;68.2;48.3;42.0;54.4;56.8;39.9;2.4;72.7;25.6;55.3;38.0;41.9
12/07/2018 23:10:00;51.5;48.5;43.5;40.7;39.2;45.0;61.7;50.4;59.5;30.2;45.0;38.5;50.0;76.1;59.9;41.8;8.3;40.0;37.2;53.1;45.2;59.0;57.0;66.5;68.9;68.2;72.1;40.6;51.6;46.1;40.5;51.9;27.8;59.8;60.0;78.8;68.2;48.3;42.0;54.4;56.8;39.9;2.4;72.7;25.6;55.3;38.0;41.9
12/07/2018 23:15:00;51.5;48.5;43.5;40.7;39.2;45.0;61.7;50.4;59.5;30.2;45.0;38.5;50.0;76.1;59.9;41.8;8.3;40.0;37.2;53.1;45.2;59.0;57.0;66.5;68.9;68.2;72.1;40.6;51.6;46.1;40.5;51.9;27.8;59.8;60.0;78.8;68.2;48.3;42.0;54.4;56.8;39.9;2.4;72.7;25.6;55.3;38.1;42.0
12/07/2018 23:20:00;51.5;48.5;43.5;40.7;39.2;45.0;61.7;50.4;59.5;30.2;45.0;38.5;50.0;76.1;59.9;41.8;8.3;40.0;37.2;53.1;45.2;59.0;57.0;66.5;68.9;68.2;72.1;40.6;51.6;46.1;40.5;51.9;27.8;59.8;60.0;78.8;68.2;48.3;42.0;54.4;56.9;39.9;2.4;72.7;25.6;55.3;38.1;42.0
12/07/2018 23:25:00;51.5;48.5;43.5;40.7;39.2;45.0;61.7;50.4;59.5;30.2;45.0;38.5;50.0;76.1;59.9;41.8;8.3;40.0;37.2;53.1;45.2;59.0;57.0;66.5;68.9;68.2;72.1;40.6;51.7;46.1;40.5;51.9;27.9;59.8;60.0;78.8;68.2;48.3;42.0;54.4;56.9;39.9;2.4;72.7;25.6;55.3;38.1;42.0
12/07/2018 23:30:00;51.5;48.5;43.5;40.7;39.2;45.0;61.7;50.4;59.5;30.2;45.0;38.5;50.0;76.1;59.9;41.8;8.3;40.0;37.3;53.1;45.2;59.0;57.0;66.5;68.9;68.2;72.1;40.6;51.7;46.1;40.5;51.9;27.9;59.8;60.0;78.8;68.2;48.3;42.0;54.4;56.9;39.9;2.4;72.7;25.6;55.3;38.1;42.0
12/07/2018 23:35:00;51.5;48.5;43.5;40.7;39.2;45.0;61.7;50.4;59.5;30.2;45.0;38.5;50.0;76.1;59.9;41.8;8.3;40.0;37.3;53.1;45.2;59.0;57.0;66.5;68.9;68.2;72.1;40.6;51.7;46.1;40.5;51.9;28.0;59.8;60.0;78.8;68.2;48.3;42.0;54.4;56.9;39.9;2.4;72.7;25.6;55.3;38.1;42.0
12/07/2018 23:40:00;51.5;48.5;43.5;40.7;39.2;45.0;61.7;50.4;59.5;30.2;45.0;38.5;50.0;76.1;59.9;41.8;8.3;40.0;37.3;53.1;45.2;59.0;57.0;66.5;68.9;68.2;72.1;40.6;51.7;46.1;40.5;51.9;28.0;59.8;60.0;78.8;68.2;48.3;42.0;54.4;56.9;40.0;2.4;72.7;25.6;55.3;38.1;42.0
12/07/2018 23:45:00;51.5;48.5;43.5;40.7;39.2;45.0;61.7;50.4;59.5;30.2;45.0;38.6;50.0;76.1;59.9;41.8;8.3;40.0;37.3;53.1;45.2;59.0;57.0;66.5;68.9;68.2;72.1;40.6;51.7;46.1;40.5;51.9;28.1;59.8;60.0;78.8;68.2;48.3;42.0;54.4;56.9;40.0;2.4;72.7;25.6;55.3;38.1;42.0
12/07/2018 23:50:00;51.5;48.5;43.5;40.7;39.2;45.0;61.7;50.4;59.5;30.2;45.0;38.6;50.0;76.1;59.9;41.8;8.3;40.0;37.3;53.1;45.2;59.0;57.0;66.5;68.9;68.2;72.1;40.6;51.7;46.1;40.5;51.9;28.1;59.8;60.0;78.8;68.2;48.3;42.0;54.4;56.9;40.0;2.4;72.7;25.6;55.3;38.1;42.0
12/07/2018 23:55:00;51.5;48.5;43.5;40.7;39.2;45.0;61.7;50.4;59.5;30.2;45.0;38.6;50.0;76.1;59.9;41.8;8.3;40.0;37.4;53.1;45.2;59.0;57.0;66.5;68.9;68.2;72.1;40.6;51.7;46.1;40.5;51.9;28.2;59.8;60.0;78.8;68.2;48.3;42.0;54.4;56.9;40.0;2.4;72.7;25.6;55.3;38.1;42.0
13/07/2018 00:00:00;51.5;48.5;43.5;40.7;39.2;45.0;61.7;50.4;59.5;30.2;45.0;38.6;50.0;76.1;59.9;41.8;8.3;40.0;37.4;53.1;45.2;59.0;57.0;66.5;68.9;68.2;72.1;40.6;51.7;46.1;40.5;51.9;28.2;59.8;60.0;78.8;68.2;48.3;42.0;54.4;56.9;40.0;2.4;72.7;25.6;55.3;38.1;42.0
